Date,ES,NQ,ZN
24-08-10,-0.014781793,-0.019756839,0.005968665
25-08-10,0.004524887,0.009020437,-0.003831891
27-08-10,0.018186169,0.012305516,-0.008170339
02-09-10,0.007164317,0.009478022,-0.002003255
03-09-10,0.012849931,0.016192679,-0.004265462
07-09-10,-0.011101042,-0.005088377,0.006677586
08-09-10,0.007331042,0.01076716,-0.003254068
09-09-10,0.002956561,0.004394141,-0.006529382
10-09-10,0.006575964,0.003446904,-0.001895854
21-09-10,-0.001539815,0.001892267,0.007786988
27-09-10,-0.004810846,-0.005450266,0.005864737
28-09-10,0.003515711,0.000622743,0.003845677
08-10-10,0.003458712,0.003351539,0.00135185
11-10-10,0.001507971,0.002350612,0.000981836
12-10-10,0.0019359,0.00567761,-0.00282001
13-10-10,0.008372692,0.009327442,0.001106603
18-10-10,0.002765957,-0.000238663,0.005198663
20-10-10,0.009452202,0.007859734,0.000123001
21-10-10,0.000851245,-0.00179964,-0.003197639
22-10-10,0.004252605,0.011538462,-0.001727329
25-10-10,0.001693839,0.002138783,0
26-10-10,0,0.003557031,-0.005561735
27-10-10,-0.003381949,0.003662571,-0.003977131
02-11-10,0.008241758,0.009981212,0.001731816
03-11-10,0.003772794,0.006510871,0.000370462
04-11-10,0.017749008,0.00935659,0.009258116
05-11-10,0.002872384,0.000114443,-0.002568493
08-11-10,-0.001636661,-0.000343289,-0.000490497
09-11-10,-0.007377049,-0.003548535,-0.00650227
10-11-10,0.002477291,-0.000804136,0.003457644
11-11-10,-0.00247117,-0.000919752,-0.003814915
12-11-10,-0.012799339,-0.017836594,-0.004323657
17-11-10,0.002340924,0.002989358,-0.001374485
22-11-10,-0.000208638,0.009842981,0.004642992
24-11-10,0.015489073,0.018404908,-0.008970845
26-11-10,-0.011073966,-0.005560704,0.002514458
01-12-10,0.021195422,0.019603212,-0.010323555
02-12-10,0.015151515,0.013203614,-0.003180257
03-12-10,0.000613371,0.000114312,0.001531394
07-12-10,0.001022913,-0.000228258,-0.015710123
08-12-10,0.004496219,0.004794521,-0.004891234
09-12-10,0.0034588,0.000340832,-0.000258699
10-12-10,0.00648824,0.006927882,-0.0045284
15-12-10,-0.003825247,-0.005868412,-0.00314383
20-12-10,0.002220428,0.00316277,-0.001429314
22-12-10,0.002998201,0.000335533,-0.001949318
23-12-10,-0.001195695,-0.00245975,-0.003385417
29-12-10,0.001395534,0.001348012,0.010238908
05-01-11,0.005137325,0.010799377,-0.008961039
06-01-11,-0.001179477,0.002863752,0.004848644
07-01-11,-0.002164928,-0.001427787,0.007172666
10-01-11,-0.001577909,0.004179498,0.001683284
11-01-11,0.003951008,0.001314348,-0.002714581
12-01-11,0.010232192,0.008313279,0.000129618
13-01-11,-0.001753019,-0.000759384,0.004536029
14-01-11,0.006439024,0.007491043,-0.00206425
20-01-11,-0.001759875,-0.005665722,-0.007891332
24-01-11,0.006837273,0.012780961,0.000650195
25-01-11,-0.000776096,0.001414273,0.005717999
26-01-11,0.004660194,0.007495926,-0.005556273
01-02-11,0.015789474,0.018640351,-0.00413918
09-02-11,-0.001891432,-0.000211618,0.005032446
10-02-11,-0.000379003,-0.000211663,-0.00382132
11-02-11,0.006445498,0.006986345,0.003174603
16-02-11,0.005089538,0.004408986,-0.000395101
23-02-11,-0.00684671,-0.00786045,-0.00234192
24-02-11,-0.002106473,0.002062079,0.001956182
02-03-11,0.003651038,0.005083279,-0.003410283
03-03-11,0.018380241,0.020875928,-0.007501974
04-03-11,-0.0071442,-0.005059555,0.006763029
07-03-11,-0.008521113,-0.014938023,-0.000131718
08-03-11,0.008403361,0.00397935,-0.002239494
09-03-11,-0.003409091,-0.009962507,0.004885133
10-03-11,-0.016153554,-0.011902186,0.005912495
11-03-11,0.009078617,0.009745948,0.000522466
16-03-11,-0.016601563,-0.016240267,0.007530512
22-03-11,-0.003673627,0.001219783,-0.001299883
23-03-11,0.002910926,0.003433381,-0.000650787
24-03-11,0.010255418,0.019205298,-0.003907268
25-03-11,0.00363915,0.003682045,-0.002615063
28-03-11,-0.005916031,-0.009171342,-0.000917672
29-03-11,0.010942599,0.011651966,-0.002624328
01-04-11,0.005109765,0.000963082,-0.000525072
06-04-11,0.001695873,0.000968471,-0.003289041
07-04-11,-0.000376223,0.001612556,0.000791975
08-04-11,-0.003575461,-0.004829881,-0.000791348
11-04-11,-0.003210576,-0.004314064,0.000659979
12-04-11,-0.008525957,-0.006499133,0.005408257
13-04-11,0.00038219,0.006759703,0.002492784
21-04-11,0.002070393,0.008704883,0.000651551
26-04-11,0.007702423,0.003049422,0.002856772
27-04-11,0.007457122,0.010168781,-0.002071734
04-05-11,-0.006656805,-0.002406109,0.001672671
05-05-11,-0.005956813,-0.002097315,0.003468208
06-05-11,-0.000374532,-0.002311896,0.001792115
09-05-11,0.006182091,0.005477143,0.00153335
10-05-11,0.008192143,0.009532789,-0.003062006
11-05-11,-0.011080332,-0.006537304,0.002687484
12-05-11,0.006535948,0.005640276,-0.002042119
13-05-11,-0.010018553,-0.015371832,0.002685765
16-05-11,-0.006371814,-0.014978903,0.002040816
18-05-11,0.00980762,0.010375441,-0.003304525
23-05-11,-0.009414423,-0.011947941,0.001526718
24-05-11,-0.001330546,-0.005938242,0.000635163
25-05-11,0.002283974,0.003367003,0.000507808
27-05-11,0.002638522,0.003117944,0.000883838
01-06-11,-0.023809524,-0.022030147,0.005734676
03-06-11,-0.012380952,-0.016552021,0.00292249
07-06-11,-0.000194553,-0.000109938,-0.000633392
08-06-11,-0.006032302,-0.011324904,0.003676005
09-06-11,0.008222396,0.002001779,-0.003662541
10-06-11,-0.014174757,-0.013873474,0.00202814
15-06-11,-0.018992248,-0.018549372,0.009436368
21-06-11,0.011187439,0.02,-0.001388188
23-06-11,-0.002148857,0.003588248,0.005559768
27-06-11,0.009691456,0.018684181,-0.00263059
28-06-11,0.014299706,0.015562472,-0.008666164
05-07-11,0.001498408,0.007111772,0.005507878
06-07-11,-0.000748083,0.001370152,0.002675159
07-07-11,0.011978289,0.016945585,-0.004192606
08-07-11,-0.007397818,-0.002897951,0.010206685
11-07-11,-0.017328116,-0.017230641,0.006693609
12-07-11,-0.005877892,-0.009505703,0.000627274
13-07-11,0.001144383,0,0.001379137
14-07-11,-0.004191275,-0.004478567,-0.002879679
20-07-11,0,-0.003034743,-0.002626642
21-07-11,0.016083254,0.011861027,-0.004765488
22-07-11,-0.001117318,0.00746888,0.002646169
25-07-11,-0.005592841,-0.001853377,-0.001633782
26-07-11,-0.00543682,0,0.00327291
27-07-11,-0.020546654,-0.027130184,-0.00238394
02-08-11,-0.025395585,-0.024616368,0.006441224
03-08-11,0.005812788,0.006227466,0.000738462
04-08-11,-0.044440016,-0.040390879,0.007502152
05-08-11,-0.000834202,-0.010183299,-0.007446289
09-08-11,0.054443195,0.057409225,0.009721716
10-08-11,-0.041177726,-0.032482599,0.001805271
11-08-11,0.040053405,0.03501199,-0.006487266
15-08-11,0.01848311,0.013318025,-0.00240616
17-08-11,-0.001887188,-0.010800364,0.002162162
18-08-11,-0.03907563,-0.042868636,0.003236246
22-08-11,-0.00066726,0.001469868,-0.001552981
24-08-11,0.011653,0.007062147,-0.005754706
26-08-11,0.015982721,0.025106585,0.002283928
02-09-11,-0.026638918,-0.023677979,0.005907885
06-09-11,-0.004062433,0.000230974,-0.000479444
07-09-11,0.029626449,0.026209445,-0.002638206
08-09-11,-0.011050876,-0.002362736,0.002885656
09-09-11,-0.02340291,-0.021540544,0.004316029
13-09-11,0.007092199,0.011731207,-0.003110792
14-09-11,0.01451131,0.014071823,-0.001320211
21-09-11,-0.033653846,-0.022207707,0.002155689
22-09-11,-0.027903958,-0.031618793,0.007648184
23-09-11,0.005562973,0.012646585,-0.005929791
26-09-11,0.025448108,0.010899183,-0.004772131
27-09-11,0.009495037,0.012578616,-0.005993766
28-09-11,-0.017742625,-0.015749778,0.000844187
11-10-11,-0.001259446,0.005160865,0.005020818
12-10-11,0.007356032,0.00349574,-0.002436944
13-10-11,-0.000208638,0.012845635,0.004030781
17-10-11,-0.020709453,-0.019537438,0.004634146
20-10-11,0.002900953,-0.007333909,-0.001091438
24-10-11,0.009512244,0.017350327,-0.002428953
25-10-11,-0.018043304,-0.022318139,0.006087168
26-10-11,0.010616578,0.002045871,-0.004235237
02-11-11,0.007962434,0.004775342,0.000479846
03-11-11,0.017419486,0.020090732,-0.002038369
04-11-11,-0.0037826,-0.004235493,0.001561937
07-11-11,0.005195843,0.00797533,0.002279271
08-11-11,0.012524851,0.01044414,-0.003830042
09-11-11,-0.037502454,-0.034871581,0.0058873
10-11-11,0.009791922,-0.003245348,-0.003583373
11-11-11,0.019393939,0.020295203,-0.004315512
14-11-11,-0.007134364,-0.003084778,0.00517698
16-11-11,-0.018341308,-0.01949359,0.001318787
22-11-11,-0.006718455,0.00033883,0.001675242
25-11-11,-0.005603448,-0.006247108,-0.004286735
28-11-11,0.032509753,0.034225844,0.000478354
01-12-11,-0.002006421,0.00620915,-0.001570428
02-12-11,0,-0.002598246,0.004113733
06-12-11,0,-0.001505376,-0.001808973
07-12-11,0.007171315,0,0.004953486
08-12-11,-0.022151899,-0.015614904,0.003125751
09-12-11,0.018406149,0.016081392,-0.004074784
12-12-11,-0.018669315,-0.01205857,0.00276775
13-12-11,-0.007285974,-0.010026155,0.002160086
21-12-11,0.000202265,-0.012242197,-0.001555024
22-12-11,0.010313448,0.009714158,0.000239607
23-12-11,0.009007206,0.007851377,-0.004551443
28-12-11,-0.01249752,-0.010943314,0.005771312
04-01-12,0.000786164,0.005505181,-0.001196888
05-01-12,0,0.00461621,0.000838826
06-01-12,0.000981932,0.005449882,0.001915709
09-01-12,0.000980969,-0.002338187,0.00083652
10-01-12,0.008232066,0.007137531,-0.001074627
11-01-12,0.001749611,0.001480855,0.003705475
12-01-12,0.002716864,0.004858471,-0.001786352
13-01-12,-0.002128895,-0.002102165,0.004414221
18-01-12,0.010083382,0.012867455,-0.002493469
01-02-12,0.008790369,0.009434919,-0.002008507
02-02-12,0.002273158,0.00160804,0.001420623
03-02-12,0.012285012,0.012642986,-0.006383733
07-02-12,0.004294249,0.001385727,-0.003915984
08-02-12,0.001673173,0.006128299,-0.000476531
09-02-12,0.000927988,0.006385696,-0.00238379
10-02-12,-0.005748192,-0.004880906,0.004659498
13-02-12,0.006340918,0.007553463,-0.002021643
15-02-12,-0.004080876,-0.007181677,0.000356379
16-02-12,0.009312721,0.014076246,-0.004512528
22-02-12,-0.002941176,-0.004727904,0.003109676
24-02-12,0.000183419,0.000288378,-0.00011909
27-02-12,0.002934165,0.002498559,0.003334921
02-03-12,-0.004183339,9.46E-05,0.004309313
05-03-12,-0.003105023,-0.010402875,-0.001668653
06-03-12,-0.016489557,-0.010129969,0.004178606
07-03-12,0.008010432,0.007433868,-0.001545595
08-03-12,0.01016448,0.011116435,-0.002381519
09-03-12,0.004390779,0.004075443,-0.001432323
12-03-12,0,0.001132717,0.000239063
13-03-12,0.017304189,0.017442957,-0.004780115
14-03-12,-0.001432408,0.003150774,-0.010446686
21-03-12,-0.001785714,-9.14E-05,0.005007939
22-03-12,-0.00608229,-0.001462389,0.001336898
23-03-12,0.003599712,-0.000915332,0.002427479
26-03-12,0.015064562,0.017682089,0.00012108
27-03-12,-0.006007067,-0.000450126,0.004116223
28-03-12,-0.004443654,-0.002792038,-0.000120569
05-04-12,-0.002153239,0.006303673,0.004589372
10-04-12,-0.013090909,-0.011544805,0.00345526
11-04-12,0.005158438,0.002688172,-0.002018523
12-04-12,0.016129032,0.012757696,-0.001427722
13-04-12,-0.015151515,-0.016522136,0.002978673
18-04-12,-0.003794724,-0.006727491,0.001070027
23-04-12,-0.009089256,-0.008974479,0.002373324
25-04-12,0.012591241,0.027350427,-0.000711406
27-04-12,0.001252909,0.006065619,0.00177662
02-05-12,-0.002142092,0.003310649,0.001657589
03-05-12,-0.00822898,-0.013015582,0
04-05-12,-0.016955267,-0.024702823,0.003427896
08-05-12,-0.005308439,-0.005215247,0.002120391
09-05-12,-0.005520795,-0.001334477,-0.00011755
10-05-12,0.004811251,-0.000190894,-0.000940513
11-05-12,-0.005524862,-0.003054893,0.00223582
14-05-12,-0.011851852,-0.009863066,0.002583069
16-05-12,-0.004329004,-0.008048095,0.000351453
22-05-12,-0.000760023,-0.003243562,-0.002338634
23-05-12,0.000760601,0.002070802,0.00363338
24-05-12,0.005130154,-0.001672899,-0.001868504
29-05-12,0.014068441,0.014064976,0.000467235
01-06-12,-0.026923811,-0.027337559,0.005949603
06-06-12,0.023735409,0.024610748,-0.004783014
07-06-12,0.000950209,-0.005392157,0.000937756
08-06-12,0.009113347,0.010349926,0.000468439
11-06-12,-0.016368768,-0.018439024,0.002224043
12-06-12,0.015110941,0.013915118,-0.004204625
13-06-12,-0.008479367,-0.008724635,0.003753225
20-06-12,0.000185117,0.001818182,-0.002106988
26-06-12,0.006888634,0.008608747,-0.000935891
27-06-12,0.007601672,0.003728049,0.000819672
03-07-12,0.007734807,0.01042364,-0.002798181
05-07-12,-0.004751462,0.000378573,0.002338361
06-07-12,-0.007161219,-0.012677389,0.003032777
09-07-12,-0.001849454,-0.001149866,0.001395511
10-07-12,-0.010190847,-0.010744436,0.000580653
11-07-12,0.000561587,-0.00640031,-0.000232126
12-07-12,-0.005238541,-0.009271911,0.00046436
13-07-12,0.016926838,0.015466457,-0.000812253
18-07-12,0.006440927,0.012756088,0.001509697
23-07-12,-0.010675502,-0.013010619,0.001158212
24-07-12,-0.010604651,-0.01192207,0.001503933
25-07-12,0.004136894,-0.001961938,-0.000231027
26-07-12,0.014794007,0.011401612,-0.001502022
27-07-12,0.020483484,0.027016521,-0.006711409
02-08-12,-0.006202116,-0.00247619,0.00349406
03-08-12,0.019823789,0.020049647,-0.005338904
07-08-12,0.005035971,0.008747441,-0.003961319
08-08-12,0.000894775,-0.001199262,-0.000701836
09-08-12,0.001609154,0.004063914,-0.00023411
10-08-12,0.001428061,0.001195842,0.002107482
13-08-12,0,0.002572584,-0.000817853
15-08-12,0.001427042,0.004309159,-0.004224856
16-08-12,0.006768792,0.009129085,-0.001649971
22-08-12,-0.000176991,0.002613554,0.005302227
24-08-12,0.006964286,0.005070627,-0.000818139
28-08-12,-0.000355051,-0.000718714,0.001050911
29-08-12,-0.000355177,0.000179808,-0.000816517
04-09-12,0.000711744,0.001263082,-0.002336995
05-09-12,-0.001778094,-0.002522977,-0.00035137
06-09-12,0.019593872,0.020957543,-0.004686585
07-09-12,0.005066387,-0.000884799,0.002118893
10-09-12,-0.008169651,-0.013637974,-0.001174674
11-09-12,0.002804066,-0.001885437,-0.000588028
12-09-12,0.006291506,0.006116758,-0.003294893
13-09-12,0.01233067,0.011175682,0.003187721
14-09-12,0.005832904,0.01025641,-0.006590561
24-09-12,-0.000344353,-0.004995618,0.001884348
25-09-12,-0.00981743,-0.012331542,0.001880804
26-09-12,-0.007131675,-0.010345135,0.003519887
09-10-12,-0.009484394,-0.015661566,-0.001641459
10-10-12,-0.006789694,-0.00411485,0.001291838
11-10-12,0.001577564,-0.003489119,0.000351865
12-10-12,-0.004900245,-0.001197825,0.000351741
17-10-12,0.005347594,0.001898563,-0.005997178
18-10-12,-0.00377488,-0.013625699,-0.000709807
22-10-12,0.004213483,0.008915165,-0.002124395
23-10-12,-0.016258741,-0.010138592,0.002010645
24-10-12,-0.001066288,-0.003758692,0
26-10-12,-0.000532576,0.004154079,0.004975124
02-11-12,-0.012471456,-0.016295744,-0.0003529
05-11-12,0.004624689,0.008046195,0.002706519
06-11-12,0.009383853,0.005070899,-0.003285999
07-11-12,-0.025434134,-0.02457255,0.006593665
08-11-12,-0.009899208,-0.014559387,0.002105509
09-11-12,0.00036357,0.003304821,0.000350181
12-11-12,0.001817191,0.000193761,-0.000116686
13-11-12,-0.005260294,-0.007942658,0.001166997
14-11-12,-0.013129103,-0.01210701,0
19-11-12,0.016731017,0.020726411,-0.002095948
23-11-12,0.012245633,0.014734206,-0.000468549
27-11-12,-0.004097631,-0.001700841,0.001287001
28-11-12,0.006797853,0.007288216,0.001986445
03-12-12,-0.005302227,-0.00214893,-0.001286098
04-12-12,-0.001066098,-0.002059925,0.00081948
05-12-12,0.001956599,-0.010133233,0.001637618
06-12-12,0.003372981,0.006255924,0.000583908
07-12-12,0.002123142,-0.006782216,-0.002334267
11-12-12,0.007921141,0.013299377,-0.001637044
12-12-12,-0.002968914,-0.0057712,-0.002576716
13-12-12,-0.006480995,-0.00692819,-0.002465946
19-12-12,-0.005879301,-0.003605769,0.001657982
27-12-12,-0.001945525,-0.002282671,0.003183962
04-01-13,0.002923977,-0.004586314,-0.000830959
07-01-13,-0.001371977,0.001750829,0.000475229
08-01-13,-0.002404259,-0.001379818,0.002137513
09-01-13,0.002410053,0.002947679,0.001540467
10-01-13,0.007727975,0.005510654,-0.002602934
11-01-13,0.000170416,0.002466204,0.001423488
14-01-13,-0.002044641,-0.00546697,0.000947643
16-01-13,0.000170619,0.004329004,0.000236267
17-01-13,0.0069942,0.005319149,-0.003188851
22-01-13,0.007099391,0.006310014,0.000945962
23-01-13,0.000503525,0.002908033,0.000236267
24-01-13,0.001006543,-0.014769844,-0.000472422
25-01-13,0.002681414,0.003586867,-0.006262555
28-01-13,0.000835701,0.003482405,-0.001426873
29-01-13,0.005344021,0.001917808,0
01-02-13,0.009040683,0.011559633,-0.001190193
05-02-13,0.008369602,0.013922183,-0.002138783
06-02-13,0.000498008,-0.004364827,0.002976899
07-02-13,-0.00099552,0.001735318,0.001068503
08-02-13,0.004816476,0.010940919,-0.000118596
21-02-13,-0.00398142,-0.008584475,0.00249584
25-02-13,-0.017992737,-0.012245271,0.004501303
26-02-13,0.003530005,0.002035341,0.00129717
04-03-13,0.006099571,0.004092769,-0.001185677
05-03-13,0.007373423,0.013858696,-0.000712251
06-03-13,0.001301236,-0.003573662,-0.002494654
07-03-13,0.002436647,0.003945127,-0.003691795
08-03-13,0.004375304,0.000803787,-0.003825006
11-03-13,0.004194902,0.002944851,0
12-03-13,-0.002249357,-0.002402349,0.002039837
13-03-13,0.002254428,-0.001427042,-0.000119746
20-03-13,0.004376722,0.002068717,-0.001306413
21-03-13,-0.006455778,-0.00556503,0.00011892
22-03-13,0.008447044,0.008574781,0.000832342
25-03-13,-0.003221649,-0.003311258,0.000475229
26-03-13,0.006625727,0.005567029,0.000950006
27-03-13,-0.000321079,0.000446468,0.003203227
02-04-13,0.005462725,0.008877331,-0.001064333
03-04-13,-0.01022691,-0.009154742,0.003196401
09-04-13,0.002565336,0.005933118,-0.000352817
10-04-13,0.012474012,0.019928508,-0.002941176
11-04-13,0.003159059,0,0.000943953
17-04-13,-0.014501992,-0.018917963,0.000822658
18-04-13,-0.007761966,-0.012614886,0.00058713
23-04-13,0.011246787,0.00920547,-0.000117398
26-04-13,-0.003319109,-0.004746835,0.002818225
02-05-13,0.009510223,0.013445085,0.000233891
03-05-13,0.010205684,0.011371468,-0.005845902
07-05-13,0.004338395,-0.000339271,-0.000353315
08-05-13,0.005091021,0.005175632,0.001178134
10-05-13,0.00307787,0.00591616,-0.004826937
13-05-13,0.000767106,0.001848429,-0.000828108
14-05-13,0.010577955,0.004780275,-0.001894388
15-05-13,0.003792476,0.001919706,0.000948992
16-05-13,-0.003778147,-0.000916361,0.00474046
22-05-13,-0.006004203,-0.00678471,-0.00509358
23-05-13,-0.003322259,-0.002915695,0.000238124
28-05-13,0.002423508,0.003759713,-0.007256721
29-05-13,-0.004533092,-0.002663559,0.000599161
03-06-13,0.004450583,0.001761597,0.001330109
04-06-13,-0.003055768,-0.003600737,-0.000603792
05-06-13,-0.014252874,-0.012185898,0.00181247
06-06-13,0.009172886,0.003743406,0.001809191
07-06-13,0.009705746,0.010510256,-0.00541777
13-06-13,0.016614907,0.01438233,0.003036929
25-06-13,0.009736632,0.005010549,-0.001984865
26-06-13,0.008852355,0.008659145,0.003604723
02-07-13,0.000311187,0.002142612,0.000617436
03-07-13,0.001088816,0.004532626,-0.001974577
05-07-13,0.011342449,0.006810829,-0.013478422
08-07-13,0.005069903,0.000761035,0.005013788
09-07-13,0.006114338,0.005238699,0.001746071
10-07-13,0.001823154,0.007396823,-0.001743028
11-07-13,0.01304216,0.019607843,0.008231479
12-07-13,0.000149701,0.002291326,-0.001731816
17-07-13,0.002543007,0.002768053,0.00333251
18-07-13,0.002984184,-0.010310952,-0.002091278
22-07-13,0.000443918,0.002219847,0.000122941
23-07-13,-0.001183257,-0.007054963,-0.001229256
24-07-13,-0.002665482,0.007270324,-0.004184615
25-07-13,0.000148478,0.000656168,-0.000988753
26-07-13,0.001484561,0.006721311,0.003092911
29-07-13,-0.002371776,-0.001628399,-0.00123335
02-08-13,0.002205558,0.00746928,0.009596211
06-08-13,-0.004992658,-0.005739796,0.000123671
07-08-13,-0.003394333,-0.000641437,0.002225794
08-08-13,0.003257811,0.003530167,0.001357187
09-08-13,-0.004428044,-0.004397186,0
12-08-13,0.000444774,0.003452983,-0.001478561
13-08-13,0.002222881,0.004161332,-0.007280355
15-08-13,-0.015606421,-0.016729368,-0.002236025
21-08-13,-0.008482278,-0.006004544,-0.003620022
23-08-13,0.004079166,0.006286774,0.004778071
27-08-13,-0.015717092,-0.019705223,0.005497938
28-08-13,0.002456625,0.002859944,-0.003728097
03-09-13,0.004750958,0.004229706,-0.005783254
04-09-13,0.008846858,0.013526648,-0.003793627
05-09-13,-0.000302389,-7.99E-05,-0.005585174
06-09-13,0.00030248,0.00047954,0.004340056
09-09-13,0.009374055,0.011343665,0.003431622
10-09-13,0.008088676,0.005608215,-0.003419886
11-09-13,0.00371471,-0.001335323,0.003685816
12-09-13,-0.002220577,-0.000786535,0.000253261
13-09-13,0.002077151,0.000551008,0.001012786
18-09-13,0.01143695,0.011909426,0.01157961
23-09-13,-0.005726872,-0.002331727,0.001247038
24-09-13,-0.000147689,0.0013244,0.003861004
25-09-13,-0.003988183,-0.004123551,0.002729529
08-10-13,-0.010343277,-0.016926677,-0.000247433
09-10-13,-0.001060285,-0.005792272,0
10-10-13,0.021986353,0.019473264,-0.002227447
11-10-13,0.008308605,0.010020354,0.000992187
16-10-13,0.012559102,0.007174265,0.003227809
17-10-13,0.008463447,0.011335784,0.005444871
22-10-13,0.006472026,0.000745379,0.00591716
23-10-13,-0.004429837,-0.004915835,0.00122549
24-10-13,0.003875413,0.009281437,-0.001958384
25-10-13,0.003145553,0.000815782,0.00159431
28-10-13,0.002850627,0.002815858,-0.000367332
29-10-13,0.004775441,0.00022168,0.00122489
04-11-13,0.004701524,0.002820665,0.001602169
05-11-13,-0.003686897,0.000666173,-0.003322259
06-11-13,0.005123826,-0.00110955,0.002839506
07-11-13,-0.011469839,-0.016735782,0.001723501
08-11-13,0.011889414,0.012351258,-0.008111097
11-11-13,0.000849377,-0.001859842,-0.000619502
12-11-13,-0.001414427,0.003055825,-0.000991818
13-11-13,0.007790368,0.011145787,0.003598908
14-11-13,0.005059733,0.00249853,0.003833313
18-11-13,-0.002648453,-0.009512659,0.002218661
25-11-13,0.000693963,0.002631579,0.000740649
26-11-13,-0.000277393,0.005322251,0.003083755
27-11-13,0.001248613,0.006164334,-0.00245942
02-12-13,-0.002355876,-0.001290323,-0.004112662
03-12-13,-0.00458397,-0.002081539,0.001877112
04-12-13,0.000139548,0.001942027,-0.003872096
05-12-13,-0.00432538,-0.001076813,-0.00200627
06-12-13,0.0117713,0.007258354,-0.001130795
10-12-13,-0.00331675,-0.00071053,0.00427243
11-12-13,-0.012340544,-0.012940842,-0.002877878
12-12-13,-0.003228977,-0.003169572,-0.002133266
23-12-13,0.004546707,0.009200934,-0.002399293
27-12-13,0,-0.003210721,0
03-01-14,-0.000547495,-0.007796586,-0.000380421
06-01-14,-0.002602027,-0.00389353,0.00241025
07-01-14,0.005492242,0.008812451,0.001771703
08-01-14,0.000955892,0.00450863,-0.004674078
09-01-14,0.000272851,-0.004768918,0.001776875
10-01-14,0.00259138,0.003875696,0.007855061
13-01-14,-0.012379268,-0.01460059,0.002262728
14-01-14,0.009917355,0.018307451,-0.003261006
15-01-14,0.004637207,0.006855544,-0.001635837
16-01-14,-0.002850937,-0.000833739,0.002394757
22-01-14,0,0.003047514,-0.003266332
23-01-14,-0.007750884,-0.001864383,0.006554071
24-01-14,-0.023160203,-0.02255275,0.002253944
27-01-14,-0.003507295,-0.008280841,-0.001999
28-01-14,0.007039279,-0.000570939,0.002128192
07-02-14,0.015284461,0.020288193,0.002861052
11-02-14,0.010447137,0.009853249,-0.002853598
12-02-14,0.00192997,0.00325237,-0.002612915
25-02-14,0.000135428,0.000135575,0.002864259
26-02-14,-0.002301963,-0.003998916,0.001986837
04-03-14,0.015463918,0.013083475,-0.005250656
05-03-14,0.000534331,0.003094101,0
06-03-14,0.00200267,-0.00167639,-0.00251351
07-03-14,0.000932712,-0.004768941,-0.003779766
10-03-14,-0.000399361,0.000877371,0.000885292
11-03-14,-0.006392329,-0.005124747,0.001010867
12-03-14,0.001340303,0.004947811,0.002272153
13-03-14,-0.011243475,-0.014972685,0.004534005
14-03-14,-0.00365507,-0.006436152,0.000250752
24-03-14,-0.004038772,-0.007694422,-0.000253133
25-03-14,0.005271695,0.003530878,0.000379795
26-03-14,-0.009009009,-0.014073819,0.002657555
01-04-14,0.007106463,0.017845939,-0.001138664
02-04-14,0.002795899,0.002191631,-0.003546548
03-04-14,0,-0.007517256,0.00038134
04-04-14,-0.012214551,-0.025683399,0.005717916
08-04-14,0.003808487,0.008358934,0.001513814
09-04-14,0.010704607,0.017712909,0.001259604
10-04-14,-0.020244001,-0.03091061,0.004025664
11-04-14,-0.008347017,-0.010344828,0.000751785
16-04-14,0.007203044,0.002935911,-0.001755706
17-04-14,0.002833626,0.006211624,-0.005025126
23-04-14,-0.000533618,-0.008507671,0.002654196
25-04-14,-0.006940737,-0.015133552,0.001134788
28-04-14,0.003225806,0.002903271,0.000251889
06-05-14,-0.006130881,-0.011070111,0.000501693
07-05-14,0.005364087,-0.002956914,0.001880406
08-05-14,-0.001067094,-0.000847338,0.001876877
09-05-14,0.000667646,0.002968198,-0.000874235
12-05-14,0.010274887,0.016840474,-0.002125
13-05-14,0.000792498,0.000277181,0.00263059
14-05-14,-0.004751221,-0.003463803,0.004497751
15-05-14,-0.009547805,-0.009176225,0.002363184
21-05-14,0.009100642,0.01028778,-0.001488095
22-05-14,0.002785146,0.003990643,-0.001490313
23-05-14,0.003570956,0.007401316,0.001368159
28-05-14,-0.000130941,-0.001410816,0.00459171
03-06-14,0.00013009,0.000871898,-0.003753284
04-06-14,0.001951093,0.003350533,-0.000879066
05-06-14,0.006620797,0.008815869,0.001633987
06-06-14,0.005545525,0.005759682,-0.001254863
10-06-14,0.000128189,0.001779242,-0.001383996
11-06-14,-0.003332479,-0.000592027,0.000503969
12-06-14,-0.006944444,-0.007108537,0.003777862
18-06-14,0.007983518,0.006350046,0.002901476
23-06-14,-0.000127992,0.000329533,0
25-06-14,0.003216261,0.005336671,0.001881586
26-06-14,-0.000384714,0.000720886,0.002253662
02-07-14,0.001017423,0.001287084,-0.003878879
03-07-14,0.004954898,0.006684234,-0.001381736
07-07-14,-0.003286979,-0.002936858,0.001383648
08-07-14,-0.005327245,-0.010501377,0.002889084
09-07-14,0.003442999,0.005759399,0.001878758
10-07-14,-0.004829076,-0.003024064,0.001500188
11-07-14,0.002426255,0.00613101,0.000374485
14-07-14,0.00433121,0.0055805,-0.001996506
17-07-14,-0.010760856,-0.011854685,0.003753284
22-07-14,0.004450095,0.006304528,0.001122614
23-07-14,0.002911392,0.006328313,0.000124595
24-07-14,0,-0.000943278,-0.002989909
25-07-14,-0.004669948,-0.004091395,0.002124203
28-07-14,0.000760842,0.001137656,-0.001496259
29-07-14,-0.005068424,-0.001957071,0.001998002
05-08-14,-0.009834369,-0.006415603,0.000124626
06-08-14,0.000914794,-0.000774843,0.000872274
07-08-14,-0.004961483,-0.003101777,0.003361554
08-08-14,0.009710012,0.004343035,0.000372255
11-08-14,0.004548408,0.00813218,-0.000372116
12-08-14,-0.001034929,-0.000384123,-0.000744509
13-08-14,0.007381507,0.01082362,0.002483547
18-08-14,0.007682458,0.007089084,-0.002220851
20-08-14,0.003034518,0.001301357,-0.002352067
22-08-14,-0.000879618,0.001791229,-0.00099194
26-08-14,0.001754386,0.002153316,0.00062027
27-08-14,-0.000750563,0.000122782,0.001611703
02-09-14,-0.000874344,0.00244978,-0.004347826
03-09-14,-0.000500063,-0.00494868,0
04-09-14,-0.000500313,-0.000613987,-0.001996257
05-09-14,0.004129646,0.00423911,0.000625078
09-09-14,-0.005373657,-0.006596628,-0.002375891
10-09-14,0.002638522,0.006640433,-0.001378792
11-09-14,0.001002506,-0.000488639,0.000125518
12-09-14,-0.006134201,-0.005194329,-0.004141566
17-09-14,0.00100025,0.001598623,-0.001383648
22-09-14,-0.008733624,-0.009833863,0.002268145
23-09-14,-0.007048458,-0.00388625,0.002011567
24-09-14,0.009506908,0.012571216,-0.002007528
26-09-14,0.007392302,0.009544604,-0.00250501
08-10-14,0.017505187,0.018767773,0.00297619
09-10-14,-0.018733274,-0.014948518,0.00049456
10-10-14,-0.015974026,-0.029532145,0.000865052
13-10-14,-0.015177511,-0.014144822,0.004815409
15-10-14,-0.014935325,-0.015675215,0.008827857
16-10-14,0.002030594,-0.002798507,-0.004010695
22-10-14,-0.006707946,-0.005602417,-0.001835985
23-10-14,0.010909091,0.014179908,-0.003188228
24-10-14,0.007065776,0.007365333,0.000123016
27-10-14,-0.00140324,0.000867464,0.000861009
28-10-14,0.011752683,0.013805485,-0.001474745
29-10-14,-0.003914141,-0.005312653,-0.003938462
04-11-14,-0.002734958,-0.003307475,0.000123747
05-11-14,0.006606831,-0.000241342,0
06-11-14,0.004582043,0.004888352,-0.001732244
07-11-14,-0.000986193,-0.00288271,0.004709965
10-11-14,0.003948667,0.004697946,-0.003084135
11-11-14,0.001229105,0.003117319,-0.001237471
12-11-14,-0.000245519,0.003047869,0.001734605
13-11-14,-0.000982318,0.0021449,0.001236858
14-11-14,0.001966568,0.004042806,0.00160593
24-11-14,0.002788893,0.007707242,0.00074001
25-11-14,0,0.002452125,0.002711363
26-11-14,0.002297461,0.005882353,0.001843658
01-12-14,-0.007501512,-0.011928773,-0.000983889
02-12-14,0.007436304,0.004432521,-0.004554967
03-12-14,0.003146176,0.001161305,-0.000494682
04-12-14,-0.000241255,0.000695975,0.001732244
05-12-14,0.001930502,-5.80E-05,-0.004693676
09-12-14,-0.000971109,0.002745969,0.002971032
10-12-14,-0.015066829,-0.014857542,0.003949642
11-12-14,0.002220577,0.002247457,-0.00172117
17-12-14,0.021683997,0.018658999,-0.005386216
22-12-14,0.002660861,0.002101454,0.000493523
23-12-14,0.003136309,-0.003203821,-0.00554939
29-12-14,0.000719683,0.000174004,0.002975821
05-01-15,-0.01478314,-0.012457733,0.004792332
06-01-15,-0.010664683,-0.01429687,0.004647181
07-01-15,0.01253447,0.012005607,0.0008521
08-01-15,0.017578609,0.019450801,-0.002797373
09-01-15,-0.009610706,-0.00744285,0.003658983
12-01-15,-0.006264587,-0.008153306,0.003767165
13-01-15,-0.003213844,-0.001920077,0.001937046
14-01-15,-0.00421627,-0.003126127,0.003504108
15-01-15,-0.009215442,-0.013629237,0.004455148
21-01-15,0.004834511,0.003779698,-0.003248707
22-01-15,0.014803849,0.019604327,-0.002414293
23-01-15,-0.006078288,0.000527581,0.004235237
26-01-15,0.00464775,0.000527303,-0.001325461
27-01-15,-0.011443876,-0.021490894,0.001206564
28-01-15,-0.018965517,-0.012746858,0.00626657
02-02-15,0.014332411,0.01068518,0.000358166
03-02-15,0.012394646,0.007346792,-0.006564029
04-02-15,-0.005876592,-0.002905425,-0.000480538
05-02-15,0.012315271,0.010347288,-0.001081731
06-02-15,-0.000973236,-0.004708652,-0.00878354
10-02-15,0.009669523,0.014652667,-0.001943871
11-02-15,0.001697175,0.0047942,0
12-02-15,0.008834564,0.011230071,0.000486914
25-02-15,-0.001655825,-0.003033537,0.000242836
03-03-15,-0.004375591,-0.004578959,-0.00245821
04-03-15,-0.003919705,-0.002748794,0.00073928
05-03-15,0.001550203,0.001181302,0.001231224
06-03-15,-0.013811168,-0.010001124,-0.007870143
09-03-15,0.003380418,0.001929625,0.002850768
10-03-15,-0.017206112,-0.018636003,0.003955012
11-03-15,-0.00122429,-0.005483405,0.000492429
12-03-15,0.012012748,0.005397562,0.001722653
13-03-15,-0.00690407,-0.005079952,-0.00073701
18-03-15,0.012533141,0.011307178,0.008333333
23-03-15,-0.002143623,-0.00236101,0.001214182
24-03-15,-0.004654493,-0.001746774,0.001940335
25-03-15,-0.01498801,-0.023820275,-0.002178649
27-03-15,0.001952648,0.003479673,0.003533569
01-04-15,-0.003760767,-0.003811064,0.003636364
02-04-15,0.003166098,-0.001333179,-0.001570048
07-04-15,-0.00265284,-0.001899937,-0.000482917
08-04-15,0.003989844,0.0094024,0
09-04-15,0.004696532,0.00560032,-0.003985989
10-04-15,0.004674577,0.003523328,-0.000242542
13-04-15,-0.004294918,-0.002604904,0.001334304
16-04-15,0.000476247,-0.001470006,0.001931434
21-04-15,0,0.004764606,-0.0013269
23-04-15,0.003213903,0.008154772,0.002182612
27-04-15,-0.003314786,-0.000993542,-0.000603792
28-04-15,0.00344459,-0.001933808,-0.00277912
05-05-15,-0.01197108,-0.015413828,-0.002690473
06-05-15,-0.004678503,-0.007827567,-0.002575107
07-05-15,0.00482102,0.006745941,0.002335874
08-05-15,0.011634881,0.010505395,0.003434319
11-05-15,-0.005098411,-0.003933689,-0.007334067
12-05-15,-0.001310928,-0.002369535,0.001231375
13-05-15,-0.000238663,0.000678618,-0.000491944
20-05-15,-0.000941398,0.000944182,0.001845018
21-05-15,0.002591284,0.00516036,0.003560467
22-05-15,-0.001644737,0,-0.003425495
27-05-15,0.00760095,0.013951671,-0.00012216
01-06-15,0.00154321,0.002327644,-0.006118453
02-06-15,-0.001185255,-0.004091563,-0.004678651
03-06-15,0.004390649,0.005440817,-0.00655616
04-06-15,-0.008034026,-0.006847046,0.003611007
05-06-15,-0.003215817,-0.003335928,-0.006575682
09-06-15,0.000842055,-0.000169214,-0.001869858
10-06-15,0.012980769,0.012918876,-0.003621831
11-06-15,0.001067869,0.000389864,0.005640511
17-06-15,0,0.000504597,0.002109705
23-06-15,0.001774938,0.001875241,-0.002980256
25-06-15,-0.002619671,-0.001439407,-0.001242699
26-06-15,0.000835721,-0.006375783,-0.004479283
02-07-15,-0.001086432,0.001526459,0.003237858
06-07-15,-0.002054381,-0.001354784,0.007075472
07-07-15,0.004480504,-0.000113052,0.002834956
08-07-15,-0.016636528,-0.017129289,0.001966568
09-07-15,0.000980753,-0.001610491,-0.005520118
10-07-15,0.013594611,0.015842839,-0.007401011
13-07-15,0.012324795,0.018091079,-0.001118429
14-07-15,0.003580807,0.006573084,0.002736999
22-07-15,-0.003074013,-0.010607522,0.000866658
23-07-15,-0.004506641,0.000649773,0.002350322
24-07-15,-0.010007148,-0.012608225,0.000863878
27-07-15,-0.006257521,-0.008604154,0.003452528
28-07-15,0.011019617,0.007407407,-0.001228803
29-07-15,0.006827165,0.001975417,-0.001476378
03-08-15,-0.003573981,-0.00261723,0.003065228
04-08-15,-0.003825921,-0.00464684,-0.00440044
05-08-15,0.005160826,0.009172296,-0.004051565
06-08-15,-0.00680597,-0.014966801,0.002095661
07-08-15,-0.002885309,-0.001270788,0.003444458
11-08-15,-0.009524943,-0.012100307,0.006642884
12-08-15,0.002163722,0.005043507,0.000855432
13-08-15,-0.001799208,-0.003584427,-0.003785104
17-08-15,0.004666188,0.007281955,0.003189793
20-08-15,-0.022795803,-0.030530114,0.001829715
24-08-15,-0.050849607,-0.047015414,0.004128719
25-08-15,0.000801603,0.006307375,-0.008828153
26-08-15,0.03484181,0.046171031,-0.000976086
02-09-15,0.016179541,0.024469428,-0.001227295
08-09-15,0.022895798,0.024916547,-0.003669276
09-09-15,-0.011700369,-0.010119809,0.001227596
10-09-15,0.003474456,0.009400705,-0.002206964
11-09-15,0.005514234,0.007043073,0.002949128
16-09-15,0.009344614,0.006993809,-0.001479837
22-09-15,-0.015792155,-0.017045782,0.005765456
23-09-15,-0.001811594,-0.001054543,-0.001097695
25-09-15,0.000260586,-0.007654263,-0.002195122
28-09-15,-0.024618992,-0.028183221,0.004644341
08-10-15,0.009686753,0.004856895,-0.002668607
09-10-15,0.00049838,0.003394902,0.000121625
12-10-15,0.001743462,0.003555454,0.002188982
13-10-15,-0.008453506,-0.007714286,0.000728067
15-10-15,0.017641129,0.019704149,-0.003256543
21-10-15,-0.005939124,-0.005763037,0.002430724
22-10-15,0.022155838,0.034892311,0.000484966
23-10-15,0.006332197,0.012904289,-0.003999031
26-10-15,-0.001815102,0.001030034,0.001338362
27-10-15,-0.000848588,0.003466017,0.00255164
28-10-15,0.011647658,0.008958929,-0.005575082
03-11-15,0.003579098,0.003834683,-0.002085378
04-11-15,-0.003922967,-0.00053056,-0.001475108
05-11-15,-0.000358038,-0.003025799,-0.000738643
06-11-15,-0.000119389,0.001650604,-0.006159911
09-11-15,-0.009910448,-0.010684669,-0.000123962
10-11-15,0.002411963,-0.002095535,0.002107612
11-11-15,-0.004331088,-0.002423002,-0.001855747
12-11-15,-0.01377477,-0.010039402,0.001115518
13-11-15,-0.010781671,-0.018156044,0.002599975
18-11-15,0.015007321,0.018163913,-0.000616447
24-11-15,0.000239894,-0.002085227,0.00073928
25-11-15,0.00155894,0.002411059,0.000615612
01-12-15,0.009736747,0.010174029,0.004078102
02-12-15,-0.008809524,-0.004611715,-0.001846154
03-12-15,-0.014532789,-0.017786772,-0.009247842
04-12-15,0.018159659,0.022175233,0.002986932
08-12-15,-0.010691975,-0.00292491,-0.000123671
09-12-15,-0.008136005,-0.015200811,0.002721088
10-12-15,0.003550441,0.006065858,-0.002713704
11-12-15,-0.019275345,-0.022555986,0.006555349
16-12-15,0.012955268,0.012375163,-0.002849709
21-12-15,0.011546185,0.012987013,0.000617665
22-12-15,0.010421836,0.006136314,-0.00308642
23-12-15,0.008349705,0.003430625,-0.001362229
29-12-15,0.01171446,0.016635058,-0.004826135
05-01-16,0.00136884,-0.004606505,0.000743126
06-01-16,-0.012799801,-0.008252021,0.004826733
07-01-16,-0.026686808,-0.035419126,0.001970686
08-01-16,-0.011122607,-0.006469663,0.002335587
11-01-16,0.001438661,0.00269858,-0.000367918
12-01-16,0.005615776,0.009302598,0.00368053
13-01-16,-0.022597403,-0.031766274,0.001833517
14-01-16,0.017539197,0.019577321,-0.001830161
20-01-16,-0.009610251,-0.002774762,0.003772666
21-01-16,0.003234501,-0.000665376,-0.00157614
22-01-16,0.020553466,0.028388112,-0.002307225
25-01-16,-0.015269185,-0.014302531,0.001338851
26-01-16,0.013768213,0.00955395,0.002066367
27-01-16,-0.011075949,-0.023599692,0.000363901
01-02-16,0.000647668,0.006685433,-0.003135174
02-02-16,-0.017475728,-0.023185366,0.007136809
03-02-16,0.005797101,-0.004890267,-0.000600528
04-02-16,-0.000392979,-0.00377562,0.001922846
05-02-16,-0.017035775,-0.032184323,0.000719683
17-02-16,0.018001324,0.025410787,-0.003580807
18-02-16,-0.003250553,-0.009948174,0.003713464
22-02-16,0.011360669,0.012917568,-0.000954882
24-02-16,0.00743737,0.011841077,0.000477327
25-02-16,0.010490869,0.008494713,0.003458969
02-03-16,0.002780586,-0.001959541,-0.001929105
03-03-16,0.003529115,-0.002078882,0.001328823
04-03-16,0.002260739,0.000520803,-0.003257329
07-03-16,0.002005013,-0.005205321,-0.001331397
08-03-16,-0.009004502,-0.006860465,0.004484305
09-03-16,0.004038364,0.005619951,-0.003378378
10-03-16,-0.000125691,-0.002212132,-0.003268765
11-03-16,0.015713388,0.015810968,-0.002307786
16-03-16,0.005581049,0.007561004,0.003407155
21-03-16,0.002576687,0.004892201,-0.003018595
22-03-16,-0.000122384,0.004132465,-0.001695531
23-03-16,-0.006731946,-0.008794678,0.004124712
24-03-16,-0.000123229,0.000398134,-0.000845717
01-04-16,0.006580551,0.011672717,-0.000718993
05-04-16,-0.009113001,-0.006832954,0.002754491
06-04-16,0.010545677,0.014654883,-0.001074884
07-04-16,-0.012255794,-0.014277839,0.004304161
08-04-16,0.002825553,-0.000671103,-0.001666667
11-04-16,-0.0030626,-0.003525659,0
12-04-16,0.010444827,0.00864877,-0.003696637
13-04-16,0.00985042,0.012861915,0.000598444
18-04-16,0.005662651,0.001762697,-0.001076426
20-04-16,0.002029851,0.001988181,-0.004674577
22-04-16,0.001560437,-0.007114668,-0.001084991
26-04-16,0.002520101,-0.004416122,-0.001570048
27-04-16,0.001077328,-0.006457047,0.004717552
04-05-16,-0.004861449,-0.005710001,0.001079266
06-05-16,0.004280822,0.006511249,-0.001553723
09-05-16,0.000730727,0.001732802,0.002034953
10-05-16,0.011317999,0.012973534,-0.00011946
11-05-16,-0.009386282,-0.009221311,0.000955795
12-05-16,0.000364431,-0.003849247,-0.002387205
13-05-16,-0.007407407,-0.002479958,0.0028715
18-05-16,-0.000978713,0.002951731,-0.00790798
23-05-16,-0.002317073,-0.002235085,0.000361402
24-05-16,0.014545899,0.021309592,-0.001445087
25-05-16,0.005903614,0.006636297,-0.000723589
27-05-16,0.003588946,0.003951249,-0.000721761
01-06-16,0.001431981,-0.000607836,-0.001084337
02-06-16,0.002740705,0.00237753,0.002532867
03-06-16,-0.00285205,-0.005129902,0.008421559
07-06-16,0.000948654,-0.002485913,0.000596944
08-06-16,0.003672551,0.001052224,-0.000357953
15-06-16,-0.001325621,-0.002824699,0.002252786
21-06-16,0.003013137,0.002334852,-0.001545228
23-06-16,0.013964127,0.015473888,-0.00404473
27-06-16,-0.016596483,-0.019766555,0.006846081
28-06-16,0.021914358,0.024652944,-0.000234467
05-07-16,-0.006440072,-0.006597868,0.006105436
06-07-16,0.005401512,0.008060854,-0.001633796
07-07-16,-0.00095511,0.002871945,0.000116891
08-07-16,0.013623327,0.01459936,0.000818139
11-07-16,0.004597972,0.007139299,-0.004788042
12-07-16,0.007276141,0.004451039,-0.004811077
13-07-16,0.000116509,-0.001860058,0.002358212
14-07-16,0.005242311,0.006303097,-0.00329373
20-07-16,0.004053272,0.00955172,-0.001890583
21-07-16,-0.00438293,-0.002634125,0.001894164
22-07-16,0.004402224,0.004096373,-0.00082713
25-07-16,-0.002422145,-0.000751516,-0.000473037
26-07-16,0.000462481,0.002148805,0.000473261
27-07-16,-0.001271235,0.009434468,0.003192999
02-08-16,-0.005428505,-0.006375804,-0.001882574
03-08-16,0.001974219,0.002969719,0.000235766
04-08-16,0.001043115,0.003278168,0.002828521
05-08-16,0.008104666,0.008274045,-0.006111176
09-08-16,0.000919329,0.002615473,0.002248255
10-08-16,-0.002181401,-0.002139093,0.002951594
11-08-16,0.004142216,0.003869079,-0.005179517
15-08-16,0.002637312,0.003850757,-0.002122141
17-08-16,0.001378201,0.001146192,0.000828598
18-08-16,0.001720381,0.000936719,0.002010645
22-08-16,-0.000114587,0.000988142,0.002486679
24-08-16,-0.004690539,-0.006383641,0
26-08-16,-0.002300437,0.000731873,-0.005205868
02-09-16,0.004960203,0.003715332,-0.001312493
06-09-16,0.002984389,0.006725405,0.00442055
07-09-16,0,0.000258933,0
08-09-16,-0.003204395,-0.006782294,-0.004876888
09-09-16,-0.025143513,-0.026063386,-0.002749223
12-09-16,0.016841361,0.020498823,0.001078749
13-09-16,-0.013782719,-0.008181675,-0.003951149
14-09-16,-0.003992954,0.001004706,0.003485996
21-09-16,0.011848897,0.010732521,0.000718391
22-09-16,0.005565217,0.007474227,0.002033979
23-09-16,-0.004727315,-0.006088514,0.001313433
26-09-16,-0.008456905,-0.008545249,0.002146435
27-09-16,0.006075476,0.009501558,0.001665873
28-09-16,0.004877482,0.001542972,-0.000712758
04-10-16,-0.003947521,-0.001695525,-0.003460208
05-10-16,0.003963166,0.003293875,-0.002155172
06-10-16,0.001509346,-0.000307787,-0.002039837
07-10-16,-0.004637144,-0.002668309,0.00084165
11-10-16,-0.011347846,-0.013539059,0.000722282
12-10-16,-0.001405481,-0.002796768,-0.000601468
13-10-16,-0.002463054,-0.003635608,0.002888782
17-10-16,-0.001880583,-0.000208149,0.002045482
20-10-16,-0.000467727,0.002794886,0.000119947
24-10-16,0.00445017,0.012285139,-0.001318629
25-10-16,-0.002914772,-0.00341645,0
26-10-16,-0.001870907,-0.006600491,-0.001800504
02-11-16,-0.005466429,-0.008513322,0.001805706
03-11-16,-0.004182101,-0.008957439,0
04-11-16,-0.001679866,-0.003583271,0.001682288
07-11-16,0.023557692,0.025334121,-0.003119002
08-11-16,0.003053077,0.005548867,-0.002647413
09-11-16,0.011589792,0.003800302,-0.011341699
10-11-16,0.003240366,-0.015921585,-0.003661216
11-11-16,-0.002653132,0.000895916,-0.003062224
14-11-16,-0.000462642,-0.011267902,-0.004054552
16-11-16,-0.002982678,0.003619387,0.000370782
22-11-16,0.003305974,0.004274825,0.001244555
25-11-16,0.004771101,0.00391793,-0.001246417
28-11-16,-0.004748445,-0.001540516,0.003494322
01-12-16,-0.003069926,-0.016507475,-0.004266533
02-12-16,0,0.000422253,0.003906742
06-12-16,0.002608597,0.001307395,0
07-12-16,0.012104072,0.011490051,0.002761737
08-12-16,0.00491785,0.004388909,-0.00225338
09-12-16,0.005449894,0.006323257,-0.004015056
12-12-16,-0.001769912,-0.005312899,-0.000251953
13-12-16,0.007646277,0.014380361,-0.00063004
21-12-16,-0.002647253,-0.001311542,0.001395939
22-12-16,-0.000774165,-0.002626528,-0.000253453
23-12-16,0.000553403,0.001164793,0.000760553
28-12-16,-0.006965944,-0.007558579,0.003551046
04-01-17,0.005216426,0.00555414,0
05-01-17,0,0.005776832,0.005791263
06-01-17,0.003201943,0.008464329,-0.003379647
09-01-17,-0.002861545,0.003597122,0.003014318
10-01-17,-0.000551876,0.001841896,-0.000125219
11-01-17,0.002981778,0.003031056,0.000375704
12-01-17,-0.003083021,-0.002328346,0.000625939
13-01-17,0.003976143,0.005263419,-0.000875766
18-01-17,0.001657275,0.002827241,-0.00411728
23-01-17,-0.001765225,0.001037908,0.004779874
24-01-17,0.005526083,0.006467858,-0.004757136
25-01-17,0.008573313,0.009860191,-0.00327044
27-01-17,-0.002179599,0.00286533,0.001638518
30-01-17,-0.005679336,-0.007360775,0.000377501
01-02-17,0,0.006992323,-0.001129802
02-02-17,0.000439657,-0.003399048,0.000377027
03-02-17,0.00681169,0.004677451,-0.000753769
07-02-17,0.000874699,0.003683777,0.001375688
08-02-17,0.000764693,0.002800985,0.001998252
09-02-17,0.00611287,0.004045268,-0.003489966
10-02-17,0.003688836,0.002781908,-0.001125704
15-02-17,0.005776637,0.006444276,-0.002138096
16-02-17,-0.002127207,-0.001789077,0.003907235
21-02-17,0.005110733,0.003379806,0
23-02-17,0.000741211,-0.003550738,0.002254227
24-02-17,0.00095228,0.002109902,0.004498313
02-03-17,-0.004804679,-0.003945414,-0.001768123
03-03-17,-0.000314861,0.001351414,0.000632591
06-03-17,-0.002414698,-0.002047655,0.000126438
07-03-17,-0.003788676,-0.002098489,-0.0011378
08-03-17,-0.001056412,0.002476751,-0.002531325
09-03-17,0.000951777,0.000699236,-0.002537749
10-03-17,0.002324353,0.002841571,0.001526523
15-03-17,0.007289246,0.006271486,0.006993896
22-03-17,0.000106735,0.005151501,0.002011567
23-03-17,-0.001067236,-0.002096631,-0.001003764
24-03-17,0.002029915,0.004528901,0.001004773
27-03-17,-0.002665529,4.65E-05,0.001129235
28-03-17,0.005559119,0.004833612,-0.00250658
29-03-17,0.002338933,0.00573543,0.001759015
03-04-17,-0.001377556,-0.000735497,0.003763171
04-04-17,0.000212224,0.001748091,0
05-04-17,-0.004243582,-0.005097355,0.000124969
06-04-17,0.003089708,0.001200092,0.000624766
07-04-17,-0.000637281,-0.000276612,-0.002497502
11-04-17,-0.00063762,-0.003780718,0.004628471
12-04-17,-0.004359847,-0.005368631,-0.000124517
13-04-17,-0.005660579,-0.002559211,0.004856787
25-04-17,0.006329114,0.008039608,-0.003105204
26-04-17,-0.00115304,-0.002162844,0.001245951
03-05-17,-0.001047889,-0.00469879,-0.001243008
04-05-17,0.000944089,0.002226874,-0.002986932
05-05-17,0.005135192,0.003999467,0.000374485
08-05-17,-0.001146909,0.001283583,-0.001247816
09-05-17,-0.000730689,0.003668995,-0.001874063
10-05-17,0.000835684,-0.000132129,-0.000125172
11-05-17,-0.001774345,-0.000836931,0.000876314
12-05-17,-0.000941029,0.003218269,0.004377736
15-05-17,0.004081633,0.002153278,-0.000124533
17-05-17,-0.016478932,-0.025418177,0.006969508
18-05-17,0.002545069,0.009276272,-0.001112347
22-05-17,0.004723913,0.008623358,-0.000495295
23-05-17,0.002194128,0.001666082,-0.002106046
24-05-17,0.001668057,0.003457936,0.001613904
26-05-17,0.000103584,0.001772743,0.000123839
30-05-17,-0.001242879,-4.32E-05,0.001981179
01-06-17,0.007673165,0.004962672,-0.000866015
02-06-17,0.00339576,0.010992786,0.003590887
06-06-17,-0.001540357,-0.002975811,0.002347418
07-06-17,0.000514245,0.002814139,-0.001848885
08-06-17,0.000205592,0.000892895,-0.000617436
09-06-17,-0.000822199,-0.024553951,-0.000247127
12-06-17,-0.000822876,-0.005138925,-0.000741565
13-06-17,0.004735433,0.007047802,0.000371058
21-06-17,-0.001641026,0.011033099,-0.000616371
23-06-17,0.001336486,0.004580219,0.000493401
27-06-17,-0.00636289,-0.017609138,-0.003943801
28-06-17,0.00743648,0.015326345,-0.000618659
05-07-17,0.001237113,0.011137451,0.000874235
06-07-17,-0.008031301,-0.009687694,-0.001871724
07-07-17,0.005812747,0.010541832,-0.001125141
10-07-17,0.000825593,0.006763029,0.001877347
11-07-17,0,0.00456621,0.000749532
12-07-17,0.006393071,0.011494755,0.002746224
13-07-17,0.002254098,0.002030852,-0.000871405
14-07-17,0.0042936,0.007891332,0.002118116
20-07-17,-0.000101153,0.001182782,0.000123962
24-07-17,-0.00040494,0.002576558,-0.001237011
25-07-17,0.002228074,-4.21E-05,-0.004582611
26-07-17,-0.000303153,0.002401517,0.003483887
27-07-17,-0.000505408,-0.006472764,-0.001487911
02-08-17,0.000505612,0.00365072,-0.000990222
03-08-17,-0.000707499,-0.003510553,0.001982406
04-08-17,0.000101143,0.001358234,-0.002225794
08-08-17,-0.001917255,-0.002696326,-0.00123839
09-08-17,0.000101102,0.000760392,0.002603844
10-08-17,-0.014355034,-0.022414521,0.001731388
11-08-17,0.001025641,0.008376873,0.001975309
16-08-17,0.00152207,0.001945196,0.00284865
17-08-17,-0.015400203,-0.020806955,0.001605533
22-08-17,0.010193575,0.014584052,-0.002217295
24-08-17,-0.000307188,-0.00128249,-0.001846608
25-08-17,0.000716993,-0.002653882,0.00148002
29-08-17,0.001329923,0.004277343,0.001476378
05-09-17,-0.005860362,-0.008182691,0.005920809
06-09-17,0.002337636,0.00265185,-0.002575107
07-09-17,0.000405597,0.002518892,0.0033194
08-09-17,-0.001621731,-0.00900335,-0.000122534
11-09-17,0.010152284,0.011197972,-0.003921569
12-09-17,0.003417085,0.002340159,-0.002829724
13-09-17,0.000200321,0.000917202,-0.001480568
20-09-17,0.000199621,-0.003084876,-0.002852536
21-09-17,-0.001696437,-0.005561596,0
22-09-17,-0.00059976,-0.001597914,0.000870647
25-09-17,-0.0010002,-0.009981889,0.002609668
26-09-17,-0.000600721,0.002722709,-0.000495786
27-09-17,0.003606492,0.008230802,-0.004464286
02-10-17,0.004073927,-0.000334308,-0.000498753
04-10-17,0.001381897,0.001000333,0
05-10-17,0.00542139,0.01028481,-0.0013714
06-10-17,-0.001960784,-0.00024729,-0.000998752
10-10-17,0.001867322,0.000123671,0.00137397
11-10-17,0.001765745,0.002844071,-0.00024947
12-10-17,-0.001370936,-0.001274147,0.001247661
16-10-17,0.00137107,0.003360793,-0.002237415
18-10-17,0.00117325,-0.000734844,-0.002366716
23-10-17,-0.004079254,-0.007568319,0.000751033
24-10-17,0.001462844,0.002432087,-0.001500938
25-10-17,-0.003408316,-0.002467308,-0.002254791
27-10-17,0.006636736,0.02144706,0.001758794
02-11-17,0.000776774,-0.000801186,0.001876407
03-11-17,0.002328515,0.008780018,0.00012486
06-11-17,0.002323105,0.003656307,0.001622971
07-11-17,-0.000772574,0.000395977,0.000498567
08-11-17,0.001642988,0.004037365,-0.001370375
09-11-17,-0.00270166,-0.004257668,-0.000499002
10-11-17,-0.001741486,-0.00083142,-0.003869196
13-11-17,0.00096918,0.000435868,-0.000626488
20-11-17,0.002231926,0.000435592,-0.001751313
22-11-17,-0.000674049,0.001567521,0.003383459
27-11-17,0.000288351,-3.90E-05,0.001250313
28-11-17,0.00932065,0.00109149,-0.001248751
01-12-17,-0.001510574,-0.003571989,0.003023051
05-12-17,-0.003790391,0.001037469,0.000754527
06-12-17,0.000380481,0.003388209,0.002010555
07-12-17,0.00389845,0.004767202,-0.002508151
08-12-17,0.004356886,0.002688597,-0.000125723
11-12-17,0.00396077,0.009069401,0
12-12-17,0.001315048,-0.002071122,-0.001131648
13-12-17,0.000562852,0.002232055,0.003902316
20-12-17,-0.000931446,-0.001807484,-0.001894896
21-12-17,0.002330785,0.000500848,0.000506265
22-12-17,-0.000651102,-0.001309253,-0.000379507
27-12-17,-0.000558243,-0.000928793,0.002906977
03-01-18,0.006683996,0.010706474,0.000757959
04-01-18,0.004703062,0.002885565,-0.000883615
05-01-18,0.006883892,0.009729689,-0.001263424
08-01-18,0.001549681,0.003037006,-0.000253004
09-01-18,0.002002366,-0.000149522,-0.003542958
10-01-18,-0.000635843,-0.001458053,-0.000380952
11-01-18,0.006907835,0.007375791,0.00101626
12-01-18,0.006950713,0.007247454,-0.001522843
17-01-18,0.007637017,0.009094606,-0.002668022
18-01-18,-0.002674989,-0.00157538,-0.001656051
22-01-18,0.008626823,0.012452982,-0.00153335
23-01-18,0.001498986,0.005013707,0.002687484
24-01-18,0.000528262,-0.004952805,-0.001786854
26-01-18,0.011702596,0.014246556,-0.003062787
29-01-18,-0.007305618,-0.005369653,-0.002048131
01-02-18,-0.001150137,-0.009192101,-0.002955918
02-02-18,-0.023294951,-0.020692904,-0.003995875
06-02-18,0.033170358,0.034918536,0.001803891
07-02-18,-0.009650181,-0.014728537,-0.003987138
08-02-18,-0.028014616,-0.036380277,-0.000903926
09-02-18,0.009832273,0.015908821,0.002326483
12-02-18,0.013841161,0.017763235,-0.002321083
15-02-18,0.013718947,0.019291162,0.001038826
21-02-18,-0.005619013,-0.004417937,-0.002334328
23-02-18,0.013737784,0.017823605,0.002595043
26-02-18,0.013005912,0.013061254,0.000776498
02-03-18,0.004480538,0.006508154,-0.003497862
05-03-18,0.010500883,0.010691061,-0.001300052
06-03-18,0.002023175,0.004398401,0
07-03-18,-0.00027533,0.002424813,0
08-03-18,0.005875333,0.007184634,0.00117157
09-03-18,0.016336588,0.01777969,-0.001170199
12-03-18,0,0.005811292,0.001431919
13-03-18,-0.005567529,-0.011380349,0.001039906
14-03-18,-0.006772621,-0.003506535,0.001817946
21-03-18,-0.001927667,-0.00484279,-0.00117096
22-03-18,-0.027591281,-0.027890761,0.004689332
23-03-18,-0.017213657,-0.02058428,0.000777907
26-03-18,0.023770571,0.033451577,-0.001165954
27-03-18,-0.016450461,-0.031335351,0.003631647
28-03-18,-0.003153971,-0.012802439,0
03-04-18,0.014854369,0.011887538,-0.003478933
04-04-18,0.012914953,0.017505893,-0.000129299
05-04-18,0.005572346,0.002696544,-0.002198371
06-04-18,-0.02103879,-0.02204462,0.003758424
10-04-18,0.013745704,0.019585963,-0.001163091
11-04-18,-0.00527307,-0.004755255,0.000646914
12-04-18,0.008708822,0.011831178,-0.003103181
18-04-18,0.001200813,0.002159985,-0.003499222
23-04-18,-9.36E-05,-0.001385508,-0.001829826
25-04-18,0.003510103,0.004443253,-0.002095064
02-05-18,-0.0093317,-0.008741781,0.00117801
03-05-18,0.001617507,0.004673249,0.001438096
04-05-18,0.011874228,0.016542876,0.000130548
08-05-18,9.36E-05,-0.000805743,-0.001436031
09-05-18,0.009643292,0.01106957,-0.002091777
11-05-18,0.003954023,-0.000717875,0.000130873
14-05-18,0.000549551,0.002011494,-0.001308558
16-05-18,0.005167959,0.006784704,-0.00052694
17-05-18,-0.001560779,-0.004540704,-0.000263609
22-05-18,-0.002561288,-0.000939884,0.00026295
23-05-18,0.00174248,0.006911025,0.004337539
24-05-18,-0.001190149,3.59E-05,0.00091611
25-05-18,-0.003391384,0.000431205,0.003007322
01-06-18,0.010441693,0.015192776,-0.004929943
05-06-18,0.002185394,0.004336726,0.001699791
06-06-18,0.007541341,0.004979629,-0.003524344
07-06-18,0,-0.007484407,0.002619859
08-06-18,0.002344666,-0.00132663,0
11-06-18,0.001529465,0.002621828,-0.001306506
12-06-18,0.000359324,0.004079356,-0.000261643
13-06-18,-0.003502155,0.000659768,-0.001831981
20-06-18,0.002078626,0.008411183,-0.001955671
22-06-18,0.002543143,-0.002072467,-0.000260722
27-06-18,-0.008612791,-0.01488598,0.003255208
02-07-18,0.002112805,0.007040011,-0.000910036
03-07-18,-0.005133376,-0.013033092,0.001951854
05-07-18,0.009306183,0.014522157,-0.000519481
06-07-18,0.008946504,0.015121215,0.000779626
09-07-18,0.008867173,0.009227898,-0.00181771
10-07-18,0.003318386,0.000171227,-0.00091051
11-07-18,-0.008134442,-0.006539752,0.001952871
12-07-18,0.008832012,0.017783905,-0.000779626
13-07-18,0.001697338,0.001388372,0.001690507
18-07-18,0.00168964,-0.00232425,-0.000520291
23-07-18,0.004016781,0.009578804,-0.004167209
24-07-18,0.003200569,-0.001917771,0.000653851
25-07-18,0.007178306,0.007180179,0.000784109
26-07-18,0.000439947,-0.005187764,-0.002611648
27-07-18,-0.008795075,-0.017427581,0.000785546
02-08-18,0.00631504,0.014944345,0.001311132
03-08-18,0.003888987,0.002200183,0.002356946
07-08-18,0.003421053,0.004466685,-0.002218452
08-08-18,-0.001573564,-0.000768999,0.000261575
09-08-18,-0.000525348,0.000535368,0.001830544
10-08-18,-0.005957074,-0.00648786,0.005481597
13-08-18,-0.003965806,-0.001346439,-0.001038422
15-08-18,-0.006951778,-0.011229929,0.002731885
16-08-18,0.008329641,0.002034174,-0.001427089
22-08-18,-0.000174718,0.004832714,0.001426904
24-08-18,0.006560532,0.009596606,-0.000647836
29-08-18,0.00534621,0.011975455,0
04-09-18,-0.001292212,-0.002936858,-0.002858256
05-09-18,-0.003450358,-0.014007527,0.000260586
06-09-18,-0.003202631,-0.009858267,0.001823629
07-09-18,-0.001476207,-0.002547771,-0.004420752
10-09-18,0.00191321,0.002923977,0.000130599
11-09-18,0.003298325,0.006936765,-0.00274223
12-09-18,-0.000432563,-0.003494409,0.00091659
13-09-18,0.005798858,0.010519988,-0.000130822
14-09-18,0.000344204,-0.00261088,-0.002093419
24-09-18,-0.002812101,0.004701675,-0.000394997
25-09-18,-0.001452743,0.001219351,-0.001448894
26-09-18,-0.003337612,-0.000658306,0.002374357
01-10-18,0.003768414,0.002645243,-0.00092081
02-10-18,-0.000511945,-0.002963976,0.00118499
04-10-18,-0.008101654,-0.019635344,-0.002248677
05-10-18,-0.004728742,-0.010413548,-0.001590879
09-10-18,-0.001900648,0.000980823,0.000929245
10-10-18,-0.037133212,-0.049601297,-0.000530504
11-10-18,-0.012765192,-0.000142207,0.005440552
15-10-18,-0.007043525,-0.013350064,-0.001584368
17-10-18,-0.00053234,-0.005507394,-0.001453873
18-10-18,-0.015623613,-0.023997539,0.000794176
22-10-18,-0.003974706,0.006859917,0.000397404
23-10-18,-0.003718484,-0.002096363,0.002251059
24-10-18,-0.029858898,-0.04257554,0.003038711
29-10-18,-0.009739652,-0.022775904,-0.00065634
01-11-18,0.009959425,0.014658447,0.001187335
02-11-18,-0.005021914,-0.013775564,-0.004480169
05-11-18,0.005597871,-0.004405286,0.000794176
06-11-18,0.007118087,0.009640981,-0.001190319
07-11-18,0.020840884,0.028789282,-0.000132415
08-11-18,-0.002751642,-0.007272979,-0.001721626
09-11-18,-0.0105919,-0.018804075,0.002918546
12-11-18,-0.018441886,-0.027911111,0.002248677
13-11-18,-9.17E-05,0.002633504,0.001055827
14-11-18,-0.010632447,-0.012366847,0.001977587
19-11-18,-0.017043383,-0.032377361,0.001180173
23-11-18,-0.007361268,-0.006880821,0.000393133
27-11-18,0.00505618,0.005881692,0.000918033
28-11-18,0.021613564,0.030651769,0.001179245
03-12-18,0.011782833,0.015648608,0.00117724
04-12-18,-0.031891069,-0.036127935,0.003527567
06-12-18,-0.003978903,0.003123507,0.003254785
07-12-18,-0.020438499,-0.029452707,0.00259538
11-12-18,-0.000662126,0.00264955,-0.001942502
12-12-18,0.004259347,0.007741551,-0.001557026
13-12-18,-0.00263902,-0.002511449,0
19-12-18,-0.012816721,-0.01980581,0.00258565
27-12-18,0.009712667,0.006045661,0.004131164
03-01-19,-0.025189168,-0.032804897,0.007928389
04-01-19,0.034112961,0.044141512,-0.006977924
07-01-19,0.007604938,0.009714019,-0.002044206
08-01-19,0.00862576,0.009351189,-0.002432467
09-01-19,0.003887269,0.00724389,-0.000256674
10-01-19,0.004453049,0.003103827,0
11-01-19,0.000385505,-0.001886721,0.001925546
14-01-19,-0.005587669,-0.010245359,-0.000384369
16-01-19,0.002974477,-0.001572621,-0.001538067
17-01-19,0.008418636,0.008063004,-0.001668806
22-01-19,-0.014785701,-0.020573405,0.003352676
23-01-19,0.00237462,0.001841275,-0.001542218
24-01-19,-0.001610916,0.001462811,0.002960484
25-01-19,0.011199696,0.01741573,-0.002823409
28-01-19,-0.008072086,-0.013178723,0.000772201
29-01-19,-0.000662377,-0.00940053,0.002314815
01-02-19,-9.24E-05,-0.00535088,-0.004337841
05-02-19,0.003582912,0.010162162,0.001283697
06-02-19,-0.000549249,-0.001748002,0.000128205
07-02-19,-0.00934237,-0.01290069,0.003204717
08-02-19,0.000832101,0.001629136,0.000766675
11-02-19,0.00073903,-0.000361441,-0.002042901
21-02-19,-0.004574812,-0.005478387,-0.002046559
26-02-19,-0.001966393,-0.001122689,0.002432778
01-03-19,0.007271748,0.007532559,-0.002945697
04-03-19,-0.004812834,-0.001432364,0.00179833
05-03-19,0,0.002763881,0.000128222
06-03-19,-0.007164607,-0.007571,0.002307692
07-03-19,-0.007757532,-0.011777114,0.004093118
08-03-19,-0.001090909,-0.000106724,0.00089172
11-03-19,0.013469239,0.019639236,-0.0010182
12-03-19,0.002873563,0.00582714,0.001911071
13-03-19,0.008058739,0.008499271,-0.000127162
20-03-19,-0.003349198,0.004473666,0.005218277
21-03-19,0.012557481,0.016870234,-0.000379843
22-03-19,-0.018078603,-0.021998805,0.005446485
25-03-19,-0.001334163,-0.001832061,0.00239355
26-03-19,0.005700036,0.002923082,0.000628378
27-03-19,-0.004427914,-0.005727455,0.002260739
01-04-19,0.011540833,0.013242348,-0.00490566
02-04-19,-0.0012193,0.00276722,0.001264063
03-04-19,0.004447157,0.008378495,-0.002146194
04-04-19,0.001041757,-0.002736655,0.000379555
05-04-19,0.004596306,0.00565364,0.000379411
09-04-19,-0.005434314,-0.003967994,0.001518795
10-04-19,0.004163053,0.006321404,0.001263743
11-04-19,-0.000950078,-0.003140847,-0.001893222
17-04-19,-0.003778121,0.001334722,0.000254421
26-04-19,0.005211448,0.005353594,0.002279347
02-05-19,-0.001881628,-0.002868562,-0.003287394
03-05-19,0.010282776,0.016905324,0.001395408
07-05-19,-0.014236999,-0.016595118,0.003159757
08-05-19,-0.001210758,-0.003453219,-0.002141867
09-05-19,-0.00502208,-0.006832298,0.001893939
10-05-19,0.004960404,0.001974919,0
13-05-19,-0.027710426,-0.038829211,0.00352867
14-05-19,0.011489134,0.014525445,-0.000753485
15-05-19,0.00554724,0.014586983,0.002764861
16-05-19,0.008231173,0.00942989,-0.002005264
22-05-19,-0.002965806,-0.004555198,0.002391441
23-05-19,-0.013298338,-0.016016151,0.006152687
24-05-19,0.004344742,0.000615511,-0.002495944
29-05-19,-0.008912656,-0.010863233,0.001869159
03-06-19,-0.001089918,-0.019590664,0.004191321
04-06-19,0.020185488,0.026523682,-0.002577952
05-06-19,0.008110517,0.006860048,0.000246154
06-06-19,0.006365485,0.007435844,-0.00036914
07-06-19,0.010278485,0.018847197,0.002215657
11-06-19,-0.000778749,0.00036591,0.000369822
12-06-19,-0.002078282,-0.005985435,0.001478743
13-06-19,0.004685873,0.006623624,0.002953119
26-06-19,-0.001368925,0.002785515,-0.004146341
01-07-19,0.007981659,0.012510154,-0.002197802
02-07-19,0.003959228,0.006193838,0.003548703
03-07-19,0.006964256,0.00628329,0.000853554
05-07-19,-0.003249729,-0.004564184,-0.006091618
08-07-19,-0.004012707,-0.006431892,0.000245158
09-07-19,0.001175088,0.00567235,-0.001593137
10-07-19,0.005197854,0.010643383,0.001104701
11-07-19,0.002168474,-0.001261233,-0.003555665
12-07-19,0.003828229,0.005209155,0.000984373
17-07-19,-0.007316262,-0.007207831,0.003447002
18-07-19,0.004187605,0.006087122,0.002208318
22-07-19,0.004030904,0.010455516,0.000490076
23-07-19,0.006356641,0.00744503,-0.001836885
24-07-19,0.004488032,0.006795052,0.001226843
25-07-19,-0.004964422,-0.006998009,-0.00183801
26-07-19,0.005987028,0.004760861,-0.000491039
29-07-19,-0.000909241,-0.002306805,0.001842299
02-08-19,-0.006605691,-0.013575385,0.0013356
06-08-19,0.016254417,0.017636505,-0.000601685
07-08-19,0.001564673,0.005022953,0.003010235
08-08-19,0.020656136,0.024161785,-0.00180072
09-08-19,-0.006887755,-0.009759881,-0.001803969
12-08-19,-0.013528556,-0.012205868,0.005301205
13-08-19,0.01796719,0.023953481,-0.004194631
15-08-19,0.002728153,0.001001502,0.003352089
21-08-19,0.01069611,0.010726395,-0.001553723
23-08-19,-0.022841988,-0.026811477,0.005036575
28-08-19,0.008462746,0.004826287,0.001668057
03-09-19,-0.006410804,-0.009524429,0.003084223
04-09-19,0.011183758,0.013816869,0.001182592
05-09-19,0.011400374,0.017189473,-0.007441531
06-09-19,0.002944145,0.000286424,0.000595026
09-09-19,-0.000838715,-0.003436098,-0.003924833
10-09-19,8.39E-05,-0.002011302,-0.005373134
11-09-19,0.007889877,0.009564939,-0.001920768
12-09-19,0.003247835,0.004024209,-0.003608371
13-09-19,-0.001743173,-0.004481474,-0.006639305
18-09-19,0.000249543,0.000506955,0.000846024
23-09-19,0.002508781,0.002554115,0.003012048
24-09-19,-0.008925592,-0.014680594,0.004924925
25-09-19,0.005386752,0.010988656,-0.00585704
01-10-19,-0.013681383,-0.009651889,0.00263789
02-10-19,-0.019487703,-0.019394451,0.003707247
03-10-19,0.010848811,0.014874938,0.004646729
04-10-19,0.013479866,0.014199909,0.001185958
08-10-19,-0.015319149,-0.015245478,0.001425686
09-10-19,0.009161625,0.010200735,-0.003203227
10-10-19,0.007536828,0.007857398,-0.004403713
11-10-19,0.010115607,0.012725106,-0.006335923
16-10-19,-0.002084897,-0.001413361,0.001685731
17-10-19,0.002172823,0.000534692,-0.000601034
22-10-19,-0.003991352,-0.01126034,0.00144648
23-10-19,0.003756888,0.005439796,0.000361098
24-10-19,-0.000499043,0.003385433,-0.000120322
25-10-19,0.005325788,0.013559108,-0.002406739
29-10-19,-0.000164677,-0.004879706,0.000846842
01-11-19,0.009058717,0.00865239,-0.002158532
04-11-19,0.004080633,0.006801262,-0.00336498
05-11-19,-0.001219215,-0.000608587,-0.005064512
06-11-19,0.001139323,-0.00042627,0.003151133
07-11-19,0.003414079,0.002832861,-0.007249003
08-11-19,0.001458198,0.003250106,0
11-11-19,-0.000970717,-0.000908293,0
12-11-19,0.00145749,0.003060699,0.00109529
13-11-19,0.001131953,-0.001117825,0.002796013
14-11-19,0.000484574,-3.02E-05,0.003515578
18-11-19,0.001122424,0.001773103,0.001451906
25-11-19,0.006829503,0.011593503,0.0004828
26-11-19,0.003511292,0.002895004,0.00132706
27-11-19,0.003180915,0.006427998,-0.002409639
02-12-19,-0.009383698,-0.012058212,-0.003502839
03-12-19,-0.007465682,-0.007786195,0.008727273
04-12-19,0.006470398,0.005332525,-0.004686373
05-12-19,0.00216972,0.001687713,-0.000845104
06-12-19,0.009061022,0.01095165,-0.003262446
10-12-19,0.000478545,0.000927477,-0.00036346
11-12-19,0.002232143,0.00499178,0.002787541
12-12-19,0.007954184,0.007108441,-0.00688905
23-12-19,0.000465008,0.001808111,-0.001218324
27-12-19,-0.002157497,-0.002385212,0.002190847
03-01-20,-0.007210801,-0.009193916,0.005952381
06-01-20,0.00247257,0.004256527,-0.001086825
07-01-20,-0.002543549,0.000621645,-0.000725338
08-01-20,0.007727378,0.010335479,-0.003024437
09-01-20,0.004830918,0.007211135,0.000970756
10-01-20,-0.003434066,-0.003413253,0.001454722
13-01-20,0.007657554,0.012251831,-0.001210507
14-01-20,-0.000531955,-0.002833329,0.001696764
15-01-20,0.001748783,-0.000275862,0.001572898
16-01-20,0.006907021,0.008112583,-0.001449626
21-01-20,-0.001654135,-0.000517739,0.004116721
24-01-20,-0.009771497,-0.011218339,0.003852637
27-01-20,-0.016395931,-0.020777517,0.004677381
28-01-20,0.011961722,0.016835111,-0.002148741
29-01-20,-0.001753985,-0.000741331,0.00311042
03-02-20,0.006668734,0.012947681,-0.000593401
04-02-20,0.016638422,0.02641468,-0.005225033
05-02-20,0.010759206,0.00283271,-0.002626239
06-02-20,0.003073463,0.007887864,0.000119689
07-02-20,-0.005903894,-0.004864893,0.003949258
11-02-20,0.001342082,-2.62E-05,-0.002735815
12-02-20,0.006850335,0.010338765,-0.002385496
13-02-20,-0.000887443,-0.001324572,0.0005978
18-02-20,-0.003475303,0.000389317,0.001670047
26-02-20,-0.007102953,-0.00045176,0.001525822
02-03-20,0.038630973,0.039892359,0.002666976
03-03-20,-0.022185971,-0.023745201,0.004741529
04-03-20,0.039289289,0.036586076,0.001841621
05-03-20,-0.031864516,-0.02784803,0.00390625
06-03-20,-0.017078428,-0.01682324,0.010185397
09-03-20,-0.072958839,-0.064886955,0.0111023
10-03-20,0.042944227,0.047789725,-0.013109244
11-03-20,-0.043793073,-0.039368661,-0.001702997
12-03-20,-0.098987319,-0.098488161,-0.001023541
13-03-20,0.091940057,0.097086033,-0.007058288
23-03-20,-0.029713786,0.002224135,0.01074163
24-03-20,0.097950912,0.081645071,-0.005426795
25-03-20,0.011894996,-0.011515934,-0.000795726
27-03-20,-0.032208589,-0.035122387,0.003857062
01-04-20,-0.04737815,-0.044629957,0.002140604
02-04-20,0.027982026,0.025340279,-0.000674536
03-04-20,-0.013411484,-0.013700875,0.001799978
07-04-20,-0.000945358,-0.00221053,-0.003612554
08-04-20,0.035200606,0.022185472,-0.000453206
09-04-20,0.016361974,0.00460942,0.002947178
14-04-20,0.030352451,0.043862019,0.001018445
16-04-20,0.004504505,0.016319525,0.000561419
21-04-20,-0.026545519,-0.029941325,0.00202179
23-04-20,-0.002779272,-0.004543876,-0.000224744
28-04-20,-0.000609969,-0.011842366,0.002591841
04-05-20,0.001240365,0.008889654,0.000675068
05-05-20,0.011680382,0.014638167,-0.000787047
06-05-20,-0.008659145,0.003109505,-0.002250478
07-05-20,0.016410799,0.017398347,0.00541333
11-05-20,-0.001963463,0.006590188,-0.002361408
12-05-20,-0.024035583,-0.021634874,0.002366997
13-05-20,-0.013847502,-0.009473191,0.001911616
14-05-20,0.01208674,0.0097028,0.001459035
19-05-20,-0.009921981,-0.002654013,0.001916573
26-05-20,0.014053505,2.66E-05,-0.00145969
27-05-20,0.013691768,0.002764046,0.001236928
02-06-20,0.007531107,0.005497655,-0.001123974
03-06-20,0.013243419,0.003835091,-0.004838528
04-06-20,-0.002325395,-0.006040424,-0.002826775
05-06-20,0.024513744,0.018932606,-0.005102619
09-06-20,-0.006816421,0.006702243,0.003072721
10-06-20,-0.006083294,0.013692091,0.005559337
11-06-20,-0.055163214,-0.046643039,0.00406183
23-06-20,0.002491361,0.007037211,0.000337952
26-06-20,-0.020760401,-0.022080143,0.002249719
29-06-20,0.013551713,0.010972581,0.000785634
01-07-20,0.00412588,0.011973687,-0.001571797
02-07-20,0.008378988,0.008472307,0.001012032
06-07-20,0.01374241,0.023441083,-0.00078634
07-07-20,-0.011191677,-0.006250885,0.001573918
08-07-20,0.008608321,0.012343042,-0.000112246
09-07-20,-0.007112376,0.006119721,0.002245173
10-07-20,0.011938873,0.010230715,-0.002016129
13-07-20,-0.009517068,-0.021892085,0
14-07-20,0.011196697,0.004363208,0.001459035
21-07-20,0.001848856,-0.009131586,0.00089676
23-07-20,-0.011636809,-0.02369438,0.000447828
24-07-20,-0.007281177,-0.008461119,-0.000335721
27-07-20,0.008817104,0.020675973,-0.000783611
28-07-20,-0.005955604,-0.012669493,0.001680484
29-07-20,0.012293806,0.012737192,0.000335533
03-08-20,0.007660487,0.014117809,-0.001003904
04-08-20,0.003497035,0.003780248,0.002791425
05-08-20,0.004848485,0.000518672,-0.001781539
06-08-20,0.0085193,0.015281628,0.000557724
07-08-20,0.00014951,-0.012298812,-0.001449275
11-08-20,-0.006785475,-0.017476517,-0.004468275
12-08-20,0.012012012,0.022751298,-0.000448833
13-08-20,-0.000667656,0.004426568,-0.001571621
17-08-20,0.005429124,0.013742001,0.001460018
18-08-20,0.002145129,0.010853434,0.000448581
20-08-20,0.002371952,0.012817684,0.001345291
24-08-20,0.010316875,0.006421899,-0.000335871
26-08-20,0.010819053,0.02259887,0
01-09-20,0.008002286,0.016386,0.001346499
02-09-20,0.01481429,0.008040609,0.000784402
03-09-20,-0.032897953,-0.049228538,0.001679543
04-09-20,-0.012711252,-0.021333842,-0.005365526
08-09-20,-0.023994148,-0.042277303,0.002584851
09-09-20,0.019412382,0.030039329,-0.00067257
10-09-20,-0.017572237,-0.018827763,0.001009534
11-09-20,-0.002020656,-0.01044439,0.001120574
22-09-20,0.00740458,0.014605515,0.000447828
23-09-20,-0.020610745,-0.028745684,-0.000895255
25-09-20,0.015210006,0.022471136,0.000447778
28-09-20,0.017872082,0.023189512,-0.000111894
01-10-20,0.004698687,0.014683644,0.000111982
02-10-20,-0.008462623,-0.029503877,-0.000783787
06-10-20,-0.011715296,-0.017045578,0.000899786
07-10-20,0.015954671,0.017407695,-0.002359816
08-10-20,0.009026198,0.006015693,0.001464294
09-10-20,0.0104,0.016097582,-0.00067484
12-10-20,0.017130929,0.03185569,0.000562746
13-10-20,-0.007925837,-0.00035129,0.002137233
15-10-20,-0.001580006,-0.008372132,-0.000673401
20-10-20,0.002775546,0.000901268,-0.001574626
22-10-20,0.004879825,-0.003549663,-0.001804037
23-10-20,0.000724795,0.001180283,0.000225912
26-10-20,-0.016875498,-0.014682557,0.00203275
28-10-20,-0.035323677,-0.039286331,-0.00033761
02-11-20,0.010950302,0.001538984,0.000565227
03-11-20,0.018482048,0.018303844,-0.001468761
04-11-20,0.021865239,0.044138207,0.006449423
05-11-20,0.020305677,0.026651364,-0.000786959
06-11-20,-0.001141308,-0.000124208,-0.002362736
09-11-20,0.012354495,-0.021076605,-0.006992218
10-11-20,-0.000846501,-0.017110105,-0.001022147
11-11-20,0.007624965,0.023045639,0.001250568
12-11-20,-0.009949552,-0.005552751,0.003974112
13-11-20,0.014012739,0.009602369,-0.00033929
17-11-20,-0.004485233,-0.002498959,0.001924383
24-11-20,0.015869687,0.014342412,-0.000451875
25-11-20,-0.001514005,0.006314177,0.00011302
01-12-20,0.010280825,0.01427466,-0.005314938
02-12-20,0.00184401,0.000160614,-0.000113688
03-12-20,-0.000749881,0.000642351,0.001705514
04-12-20,0.009141766,0.005115449,-0.002043133
08-12-20,0.003048161,0.003294697,0.000680735
09-12-20,-0.007968666,-0.02140455,-0.001360544
10-12-20,-0.001089176,0.002830112,0.001930064
11-12-20,-0.001976285,-0.002741493,0.001473088
21-12-20,-0.005531197,-0.002281219,0.00011343
22-12-20,-0.002306179,0.002089329,0.001587842
23-12-20,0.001155755,-0.004622345,-0.001585324
29-12-20,-0.002012072,0.000642886,0
04-01-21,-0.015071691,-0.015521322,0.000339482
05-01-21,0.007041777,0.008513657,-0.002036199
06-01-21,0.005983998,-0.013815609,-0.004647472
07-01-21,0.014703917,0.024669586,-0.001822116
08-01-21,0.005796338,0.013091739,-0.002167712
11-01-21,-0.006679764,-0.015289469,-0.00171507
12-01-21,0.000659283,-0.000523378,-0.000229069
13-01-21,0.002437739,0.006361397,0.002749456
14-01-21,-0.003286231,-0.005492494,-0.001485205
21-01-21,0.000260078,0.007616075,-0.000570386
22-01-21,-0.003055122,-0.002538166,0.00102728
25-01-21,0.003716503,0.008531976,0.002508552
26-01-21,-0.001559049,0.000742087,0
27-01-21,-0.025569291,-0.028178414,0.001137398
01-02-21,0.016328183,0.025191209,0.001140251
02-02-21,0.013941446,0.016054093,-0.001822323
03-02-21,0.001374975,-0.004070935,-0.001026928
04-02-21,0.010723159,0.011441477,0
05-02-21,0.00407556,0.003727625,-0.000799543
09-02-21,-0.000639713,-0.000200979,0.000228624
10-02-21,-0.000640123,-0.002686354,0.001485714
11-02-21,0.002305919,0.00626672,-0.000456465
16-02-21,-0.000826762,-0.002680237,-0.005607049
24-02-21,0.011474987,0.008338387,-0.001961463
01-03-21,0.023495439,0.028560917,0.003531905
02-03-21,-0.00801539,-0.016905439,0.002698264
03-03-21,-0.013122172,-0.02860918,-0.003744004
04-03-21,-0.013427654,-0.017880024,-0.004932472
05-03-21,0.01951932,0.016760337,-0.000354066
08-03-21,-0.005144569,-0.028940875,-0.003541913
09-03-21,0.014138902,0.039968286,0.003199052
10-03-21,0.006002711,-0.003088652,0.001771584
11-03-21,0.010329783,0.02345236,0.000589484
12-03-21,0.001397092,-0.008794283,-0.006244845
22-03-21,0.007756907,0.017692398,0.002500595
23-03-21,-0.007697201,-0.005010806,0.002850695
24-03-21,-0.004872107,-0.016319077,0.001302854
26-03-21,0.016472247,0.015367448,-0.002837886
29-03-21,-0.001450281,-0.001715927,-0.003083126
01-04-21,0.010712035,0.017284517,0.003699284
06-04-21,-0.000921886,-0.001140922,0.004409486
07-04-21,0.001476378,0.002560796,0.001067869
08-04-21,0.004668305,0.010511035,0.001303781
09-04-21,0.007459036,0.005946428,-0.002012311
12-04-21,0.000182061,-0.001500416,-0.000830269
13-04-21,0.003033796,0.012093781,0.003442545
14-04-21,-0.003569052,-0.012664794,-0.001183012
20-04-21,-0.006978703,-0.007411538,0.00248139
23-04-21,0.010598995,0.012854312,-0.00082518
28-04-21,-0.000658052,-0.004353902,0.000473373
04-05-21,-0.00656991,-0.018419144,0.000708466
05-05-21,0.00042085,-0.003324468,0.000943953
06-05-21,0.008233173,0.007912683,0.000943063
07-05-21,0.007391071,0.008236657,0.000588859
10-05-21,-0.009881072,-0.025748099,-0.001059322
11-05-21,-0.008904028,-0.000804837,-0.001178273
12-05-21,-0.021103407,-0.026037764,-0.004010853
14-05-21,0.015096177,0.021888895,0.001654846
17-05-21,-0.002698489,-0.006237394,-0.000472032
18-05-21,-0.008357886,-0.006877889,0.000354191
20-05-21,0.010397665,0.019118147,0.003431953
25-05-21,-0.001967213,0.001540126,0.002591894
26-05-21,0.001791901,0.003221968,-0.000470035
01-06-21,-0.000951814,-0.002758192,-0.001065846
02-06-21,0.001845897,0.00183167,0.001066983
03-06-21,-0.003566122,-0.010567694,-0.0026054
04-06-21,0.008827915,0.017554558,0.004630729
08-06-21,5.92E-05,0.000525201,0.002602011
09-06-21,-0.001715672,0.000199109,0.002359325
10-06-21,0.004622496,0.010532602,0.001294575
11-06-21,0.001828693,0.002471391,-0.000705219
23-06-21,-0.001121275,0.00033314,-0.001298548
28-06-21,0.002165642,0.012099867,0.003080934
01-07-21,0.005188294,-3.44E-05,-0.001768868
02-07-21,0.007423302,0.011358559,0.003071471
06-07-21,-0.002014852,0.004196755,0.004122012
07-07-21,0.003634056,0.001810429,0.002463054
08-07-21,-0.008448761,-0.006080157,0.002574003
09-07-21,0.010897287,0.006678108,-0.003500992
12-07-21,0.003784404,0.00396678,-0.00011711
13-07-21,-0.00348452,-0.000285825,-0.003162333
14-07-21,0.001490398,0.001799529,0.00352485
20-07-21,0.015113202,0.012516548,-0.000116009
22-07-21,0.002068728,0.006794692,0.001048584
23-07-21,0.009978209,0.011354121,-0.000814711
26-07-21,0.002555076,0.00130812,0.000465929
27-07-21,-0.004474146,-0.01124506,0.001979276
28-07-21,-0.000170668,0.004264856,-0.001510574
02-08-21,-0.00222121,-0.000200592,0.004067403
03-08-21,0.008048405,0.00625303,0
04-08-21,-0.004586636,0.001811082,-0.001273148
05-08-21,0.006086808,0.006252695,-0.002433654
06-08-21,0.001809341,-0.004763396,-0.003717472
10-08-21,0.000960289,-0.005338755,-0.001751927
11-08-21,0.002370203,-0.001661737,0.000234
12-08-21,0.003152798,0.003928227,-0.000935782
16-08-21,0.002577031,0.000545427,0.002799487
17-08-21,-0.006817166,-0.009019426,-0.000465279
24-08-21,0.001564071,0.003332353,-0.001746217
27-08-21,0.008731669,0.009934696,0.002222222
01-09-21,0.000165911,0.001716669,0
02-09-21,0.003096489,-0.000528533,0.000585412
03-09-21,-0.000165371,0.003236972,-0.001053124
07-09-21,-0.003363105,0.001485481,-0.002928429
08-09-21,-0.001493611,-0.003492879,0.001879699
09-09-21,-0.004487535,-0.003921255,0.001876173
10-09-21,-0.00756859,-0.007535952,-0.002574906
21-09-21,-0.001149888,0.000966055,-0.000586235
22-09-21,0.009382375,0.009285144,-0.001525106
23-09-21,0.012317518,0.009232697,-0.004582305
24-09-21,0.001746282,0.000996504,-0.002714825
27-09-21,-0.002867908,-0.008094655,-0.001657001
28-09-21,-0.020189488,-0.028299248,-0.002489627
01-10-21,0.010703275,0.005397582,0.004274012
05-10-21,0.009962132,0.013345088,-0.002602626
06-10-21,0.004614675,0.007079374,-0.00011861
07-10-21,0.008268259,0.008283082,-0.002491103
08-10-21,-0.001765376,-0.004905502,-0.001902723
11-10-21,-0.00713104,-0.007276349,-0.002263791
12-10-21,-0.00235578,-0.003214176,0.002268928
13-10-21,0.003282843,0.007575111,0.000595735
18-10-21,0.003361345,0.010307575,-0.001550942
21-10-21,0.003036661,0.006584295,-0.003468485
22-10-21,-0.001155942,-0.008899297,0.001200192
25-10-21,0.004739336,0.010087348,0.001678255
27-10-21,-0.004545206,0.002717916,0.004306735
01-11-21,0.001903415,0.003519904,-0.000358637
02-11-21,0.003853878,0.004215361,0.002391772
03-11-21,0.006218233,0.010556817,-0.001550942
04-11-21,0.004513945,0.012461445,0.004182101
05-11-21,0.003637725,0.001285918,0.003926702
08-11-21,0.000799531,-0.001467733,-0.004029868
09-11-21,-0.003355347,-0.007043224,0.004165179
10-11-21,-0.007748624,-0.014325145,-0.008414316
11-11-21,0.000215424,0.002643847,-0.003107446
12-11-21,0.007592074,0.010609914,0.001558566
16-11-21,0.003633255,0.006980587,-0.000959348
22-11-21,-0.003141975,-0.011644042,-0.006685769
24-11-21,0.002239522,0.003310446,0.000361185
26-11-21,-0.02197276,-0.01924722,0.010350223
01-12-21,-0.012647139,-0.017383363,0.00083612
02-12-21,0.014916269,0.00748279,-0.002506266
03-12-21,-0.008359285,-0.016934046,0.006580522
07-12-21,0.020697168,0.029997949,-0.002511361
08-12-21,0.00298826,0.00455019,-0.000959118
09-12-21,-0.00680996,-0.014854581,0.001440058
10-12-21,0.009427898,0.011208298,0.000119832
15-12-21,0.015635109,0.022810405,-0.001315632
20-12-21,-0.011171367,-0.010561819,-0.000119119
21-12-21,0.018043216,0.022965512,-0.004527043
23-12-21,0.006348698,0.007993321,-0.001434206
04-01-22,-0.00036565,-0.012723302,-0.001207146
05-01-22,-0.01917751,-0.031288881,-0.003384095
06-01-22,-0.00106553,-0.000475692,-0.002425418
07-01-22,-0.004213333,-0.011295133,-0.001823487
10-01-22,-0.001178298,0.00173288,-0.001217878
11-01-22,0.009169392,0.014287545,0.001950982
12-01-22,0.002391073,0.003553155,0.001460387
13-01-22,-0.013623112,-0.024988591,0.001093693
14-01-22,0.000591144,0.006810736,-0.004127215
18-01-22,-0.017938665,-0.024990783,-0.006338372
20-01-22,-0.01094104,-0.012804736,0.000244768
24-01-22,0.003132118,0.005164108,0.001583049
25-01-22,-0.012432586,-0.024843114,-0.003039514
26-01-22,-0.001724534,0.001255238,-0.004756098
01-02-22,0.006826886,0.006021469,-0.000732601
02-02-22,0.009316428,0.007986128,0.001955034
03-02-22,-0.023649571,-0.041169076,-0.003780488
04-02-22,0.005258447,0.013334713,-0.006855184
08-02-22,0.008210914,0.012002267,-0.00258557
09-02-22,0.014459834,0.020614883,0.001357857
10-02-22,-0.017530446,-0.022426147,-0.007519724
11-02-22,-0.019566426,-0.0313244,0.004719911
15-02-22,0.016044606,0.025012278,-0.001984373
24-02-22,0.014684983,0.033981122,0.001484781
01-03-22,-0.014709249,-0.015638178,0.010176557
02-03-22,0.018123729,0.016689872,-0.011287778
03-03-22,-0.005134935,-0.014660182,0.001841395
04-03-22,-0.007340712,-0.013595381,0.00796471
07-03-22,-0.029753308,-0.037500677,-0.003282276
08-03-22,-0.007085864,-0.004035058,-0.007439932
09-03-22,0.025547226,0.035256652,-0.004792332
10-03-22,-0.00421028,-0.010830193,-0.004198049
11-03-22,-0.013095308,-0.021639923,-0.000619963
16-03-22,0.022524636,0.03726281,-0.003384307
22-03-22,0.011847942,0.019727915,-0.003551497
23-03-22,-0.012763596,-0.014125836,0.003182281
24-03-22,0.014614952,0.021924967,-0.001776424
25-03-22,0.00531856,-0.000541868,-0.011185967
28-03-22,0.006943679,0.015553259,0.001285512
29-03-22,0.012587566,0.016849902,0.005135447
01-04-22,0.001876069,-0.000336276,-0.005213632
05-04-22,-0.012560756,-0.022173863,-0.009598157
06-04-22,-0.009844588,-0.021766253,-0.001938235
07-04-22,0.004580238,0.002119922,-0.001165199
08-04-22,-0.002835696,-0.014378096,-0.003499676
11-04-22,-0.016616483,-0.022824039,-0.003121748
12-04-22,-0.003628941,-0.003928571,0.006263048
13-04-22,0.011211018,0.019827895,0.002463693
22-04-22,-0.028071974,-0.027297725,0.001578947
26-04-22,-0.028478248,-0.038398316,0.00365774
03-05-22,0.004396531,0.001109156,0.001452337
04-05-22,0.030221263,0.033906399,0.005405405
05-05-22,-0.035387929,-0.049755196,-0.009179124
06-05-22,-0.005732215,-0.012618603,-0.002249868
09-05-22,-0.032042724,-0.039540791,0.00331609
10-05-22,0.002319749,0.012731932,0.005023797
11-05-22,-0.016638519,-0.030710989,0.004077874
12-05-22,-0.00076331,-0.001879739,0.006157474
13-05-22,0.023553377,0.036451903,-0.006901042
16-05-22,-0.003731575,-0.011144536,0.004195621
17-05-22,0.019976278,0.025766145,-0.006789398
23-05-22,0.018528016,0.016426324,-0.004552549
24-05-22,-0.007868068,-0.021956337,0.006664053
25-05-22,0.00919934,0.014548467,0.001817238
27-05-22,0.024656352,0.032453122,-0.000906971
01-06-22,-0.007806354,-0.007551496,-0.006801831
07-06-22,0.009282854,0.008449028,0.004240095
08-06-22,-0.010760445,-0.007532549,-0.002902758
09-06-22,-0.023760331,-0.027009888,-0.001323276
10-06-22,-0.0291939,-0.035437882,-0.009407712
21-06-22,0.025028906,0.02483015,-0.003362023
23-06-22,0.009833234,0.01484988,0.006012024
28-06-22,-0.020044829,-0.030418172,-0.00093633
01-07-22,0.009961736,0.007090507,0.006195624
05-07-22,0.001763668,0.016987835,0.005502424
06-07-22,0.003716745,0.006076132,-0.007296417
07-07-22,0.014746963,0.021737758,-0.006562541
08-07-22,-0.000960307,0.001112164,-0.005416832
11-07-22,-0.0114066,-0.02203341,0.006376196
12-07-22,-0.008556427,-0.008856259,0.002375924
13-07-22,-0.005034325,-0.001422022,0.002238609
14-07-22,-0.002957025,0.002996876,-0.003547497
21-07-22,0.00977918,0.014018973,0.009551605
22-07-22,-0.009059669,-0.017128165,0.008278581
25-07-22,0.001261034,-0.00555399,-0.001954907
26-07-22,-0.011775819,-0.019588004,0.001697571
27-07-22,0.025807685,0.041816305,0.004693
02-08-22,-0.006491931,-0.002931533,-0.010171237
03-08-22,0.015267176,0.026848234,-0.000260146
04-08-22,-0.000962406,0.004181894,0.005334374
05-08-22,-0.001324583,-0.007372252,-0.011259221
09-08-22,-0.004164906,-0.011510819,-0.003128666
10-08-22,0.020729785,0.027663738,0.002223094
11-08-22,-5.94E-05,-0.006029719,-0.005480167
15-08-22,0.004029432,0.007622765,0.003668282
16-08-22,0.002210202,-0.001681133,-0.002610625
18-08-22,0.002279769,0.002223334,0.000657808
22-08-22,-0.021328134,-0.027037721,-0.003307316
24-08-22,0.002965743,0.002578219,-0.003188098
26-08-22,-0.033682457,-0.040703861,-0.001724595
01-09-22,0.003096171,0.000569789,-0.007885592
02-09-22,-0.011149606,-0.015294189,0.005792806
06-09-22,-0.003567333,-0.007042981,-0.009107956
07-09-22,0.017772663,0.02032199,0.005001352
08-09-22,0.006407035,0.00477035,-0.001748487
09-09-22,0.015416303,0.02197334,-0.002021019
12-09-22,0.010695187,0.011772881,-0.001080059
13-09-22,-0.043665998,-0.055275396,-0.005676443
14-09-22,0.004133545,0.008765006,0.000135925
22-09-22,-0.008998358,-0.01233988,-0.012994118
23-09-22,-0.016702015,-0.01632009,-0.001108647
26-09-22,-0.010514964,-0.005317863,-0.011237514
27-09-22,-0.002452316,0.001546449,-0.004209345
28-09-22,0.019393608,0.019587515,0.017753981
03-10-22,0.02464251,0.022676816,0.010178472
04-10-22,0.030621232,0.031455597,0.002622498
05-10-22,-0.00243213,-0.001460387,-0.008535242
06-10-22,-0.009818134,-0.007054522,-0.005276312
07-10-22,-0.027550409,-0.038144129,-0.004048018
11-10-22,-0.007171919,-0.012699713,0.001125968
12-10-22,-0.002986733,-0.000414938,0.003092928
13-10-22,0.025985788,0.022439002,-0.004204625
17-10-22,0.025503822,0.034088794,0.00098898
18-10-22,0.011791014,0.007965617,0.001834862
20-10-22,-0.008631735,-0.005603748,-0.005823864
24-10-22,0.012021785,0.010586785,-0.000569233
25-10-22,0.016013651,0.020450833,0.007546632
01-11-22,-0.004378058,-0.01006792,-0.000141283
02-11-22,-0.025155199,-0.034195199,0.000423908
03-11-22,-0.010878939,-0.019781625,-0.005367232
04-11-22,0.013882369,0.015123975,0.000142005
07-11-22,0.009458923,0.011386332,-0.003691609
08-11-22,0.00524212,0.007263318,0.005842953
09-11-22,-0.020793951,-0.023751042,0.00042505
10-11-22,0.054719744,0.074002262,0.01982722
11-11-22,0.009909114,0.018547572,-0.001805305
14-11-22,-0.008561965,-0.009558575,-0.001669449
22-11-22,0.013201112,0.014368312,0.002643294
25-11-22,-0.000123977,-0.006743799,0.000691659
28-11-22,-0.015437074,-0.014130827,-0.000967653
01-12-22,0.000122511,0.00170234,0.009774229
02-12-22,-0.001531206,-0.004352241,0.000408998
06-12-22,-0.014550678,-0.020307901,0.004391382
07-12-22,-0.002091255,-0.004885008,0.006968165
08-12-22,0.007366483,0.011816326,-0.006105834
09-12-22,-0.007438694,-0.006504658,-0.003139932
12-12-22,0.014099714,0.012273385,-0.002328129
13-12-22,0.007640759,0.010929195,0.00837337
22-12-22,-0.014465852,-0.024725396,-0.000137589
23-12-22,0.005325713,0.001899722,-0.004128251
03-01-23,-0.003885004,-0.006963188,0.003061083
04-01-23,0.007410296,0.004910694,0.004855042
05-01-23,-0.011743451,-0.016273837,-0.001518498
06-01-23,0.022590755,0.027101962,0.010645652
09-01-23,-0.000446942,0.006478607,0.003556772
10-01-23,0.006898754,0.008627241,-0.005452563
11-01-23,0.012497621,0.017239851,0.003837719
12-01-23,0.003383459,0.005032022,0.006963408
13-01-23,0.003684276,0.006394,-0.004067797
17-01-23,-0.002177565,0.001421433,-0.000816882
24-01-23,-0.000929023,-0.002052958,0.002997275
25-01-23,-0.000185977,-0.003043789,0.000950829
27-01-23,0.002146976,0.009540133,-0.002176575
30-01-23,-0.012670625,-0.020802225,-0.002862986
01-02-23,0.010330073,0.02158081,0.008459544
02-02-23,0.014338435,0.034838996,0.000541199
03-02-23,-0.010437791,-0.017339016,-0.009736308
07-02-23,0.012671274,0.020874116,-0.002340308
08-02-23,-0.010836377,-0.018118849,0.001517869
09-02-23,-0.009381431,-0.009545445,-0.003306696
10-02-23,0.001955154,-0.006378013,-0.003041194
16-02-23,-0.014068418,-0.019442262,-0.001394506
21-02-23,-0.02,-0.023668281,-0.008370536
24-02-23,-0.010699844,-0.017243498,-0.004627033
01-03-23,-0.004779273,-0.009153223,-0.005877414
02-03-23,0.007140149,0.008380881,-0.004504505
03-03-23,0.01631219,0.020664069,0.005373303
06-03-23,0.000679054,0.000995025,-0.000984529
07-03-23,-0.015484269,-0.012537023,-0.000281571
08-03-23,0.001315872,0.004868929,-0.00028165
09-03-23,-0.018773467,-0.018072905,0.005071137
10-03-23,-0.014604592,-0.013908264,0.014856342
15-03-23,-0.007078179,0.003338249,0.011115685
21-03-23,0.013243786,0.01408756,-0.008417051
23-03-23,0.001888931,0.011568427,0.007738257
24-03-23,0.005844646,0.002820134,0.001077731
27-03-23,0.001499531,-0.007893563,-0.00968914
28-03-23,-0.001434899,-0.004378934,-0.002989537
29-03-23,0.013994752,0.018260357,-0.000954068
03-04-23,0.003866836,-0.002386904,0.004622706
04-04-23,-0.005958471,-0.003843255,0.006902152
05-04-23,-0.002845725,-0.01053408,0.002822581
06-04-23,0.003582488,0.00695732,-0.000268061
11-04-23,6.04E-05,-0.006326949,-0.001217368
12-04-23,-0.00423063,-0.009369204,0.002843987
13-04-23,0.013049284,0.019880716,-0.002160702
14-04-23,-0.002156851,-0.002157497,-0.00514278
18-04-23,0.000778117,0.000492928,0.001093045
25-04-23,-0.015927395,-0.01891778,0.008025027
02-05-23,-0.011706385,-0.009187067,0.009279476
03-05-23,-0.007070768,-0.006352156,0.002974581
04-05-23,-0.007729763,-0.004350896,0.005661903
05-05-23,0.018278844,0.021006229,-0.007238606
09-05-23,-0.00451508,-0.006553203,0.000135667
10-05-23,0.004354136,0.010912381,0.006239826
11-05-23,-0.001986994,0.002759238,0.001213265
12-05-23,-0.001387632,-0.003737032,-0.005251111
15-05-23,0.002899952,0.005355976,-0.00175961
16-05-23,-0.006506024,0.001132314,-0.002711864
22-05-23,5.95E-05,0.003211142,-0.000825537
23-05-23,-0.010998811,-0.012497752,0.001239328
24-05-23,-0.007874962,-0.005717928,-0.001650392
26-05-23,0.01286135,0.025471327,-0.001942286
01-06-23,0.008948813,0.01201007,0.002320502
02-06-23,0.014191107,0.007117069,-0.007762495
06-06-23,0.002043915,-0.000154228,-0.000960351
07-06-23,-0.003613264,-0.017481918,-0.004943697
08-06-23,0.00561502,0.011966647,0.004554237
09-06-23,0.001512243,0.003671654,-0.003022393
12-06-23,0.008827458,0.016779734,-0.000275596
13-06-23,0.006677796,0.007685551,-0.006064783
22-06-23,0.003288541,0.01135004,-0.005102041
26-06-23,-0.004272044,-0.013397971,0.001381788
03-07-23,0.000891216,0.00180935,-0.002922756
05-07-23,-0.001892148,-0.000260336,-0.005164712
06-07-23,-0.008196264,-0.007991146,-0.006734952
07-07-23,-0.002923319,-0.003691429,0.000565052
10-07-23,0.002311682,0.00034581,0.004235493
11-07-23,0.006581538,0.004806743,0.001124701
12-07-23,0.007600313,0.012106815,0.008987502
13-07-23,0.007986689,0.017271241,0.006958942
18-07-23,0.007466374,0.008459195,0.000277239
20-07-23,-0.006852295,-0.022996068,-0.007605088
24-07-23,0.004107563,0.001367439,-0.001531394
25-07-23,0.002727174,0.0071813,-0.004043503
26-07-23,-0.000163185,-0.003971799,0.004759905
27-07-23,-0.006746097,-0.002546322,-0.010032047
02-08-23,-0.013909264,-0.021764213,-0.000704622
03-08-23,-0.003416166,-0.002213533,-0.005076858
04-08-23,-0.005252391,-0.005489434,0.00822112
08-08-23,-0.004242191,-0.008475671,0.002530934
09-08-23,-0.007247981,-0.011462624,-0.000140252
10-08-23,0,0.001515326,-0.004769252
11-08-23,-0.001114641,-0.006940219,-0.006060606
15-08-23,-0.011540169,-0.010723466,-0.002130682
17-08-23,-0.008031674,-0.01099232,-0.002567028
22-08-23,-0.003002833,-0.001818394,-0.000143246
24-08-23,-0.013717113,-0.021947287,-0.002843332
29-08-23,0.014519669,0.021417923,0.006270486
01-09-23,0.001217892,-0.001431927,-0.004081058
05-09-23,-0.004202145,0.001176186,-0.005652112
06-09-23,-0.006885064,-0.008690334,-0.002415802
07-09-23,-0.003410489,-0.007613884,0.002706553
08-09-23,0.001234222,0.00099789,-0.000568263
11-09-23,0.006387628,0.011652231,-0.001279318
12-09-23,-0.005623295,-0.011049545,0.000853971
13-09-23,0.000839866,0.003364968,0.001279863
21-09-23,-0.016865302,-0.019089889,-0.007296137
22-09-23,-0.002516011,0.000454156,0.002449921
25-09-23,0.004070167,0.004421803,-0.004744106
26-09-23,-0.014616043,-0.014746991,-0.000577784
02-10-23,-0.000288984,0.007954125,-0.006795836
03-10-23,-0.013759611,-0.018035002,-0.00640559
04-10-23,0.007737851,0.014220667,0.004395604
05-10-23,-0.001628759,-0.004154452,0.001896426
06-10-23,0.011827769,0.016838528,-0.004368084
10-10-23,0.005207439,0.005514585,-0.001159084
11-10-23,0.004155755,0.0071542,0.002030751
12-10-23,-0.006633029,-0.004226268,-0.006514186
16-10-23,0.010040737,0.011193598,-0.004786771
17-10-23,0.000170416,-0.003188463,-0.009182335
23-10-23,-0.001588796,0.003273322,0.004569575
24-10-23,0.006954677,0.009142197,-0.001173881
25-10-23,-0.014398595,-0.024803826,-0.006463934
27-10-23,-0.004511007,0.005019727,0.000734646
01-11-23,0.010386373,0.017546281,0.00647535
02-11-23,0.018738252,0.017192852,0.005848808
03-11-23,0.009283284,0.012051607,0.008140718
06-11-23,0.001885283,0.003541135,-0.007065609
07-11-23,0.002680048,0.009305761,0.004937554
08-11-23,0.000796178,0.000796787,0.001878613
09-11-23,-0.008466871,-0.008481461,-0.007356123
10-11-23,0.015645596,0.022302701,-0.001017146
13-11-23,-0.001184968,-0.00315781,0.000145455
14-11-23,0.019377436,0.021402843,0.013670739
20-11-23,0.007675318,0.012000063,0.000862069
22-11-23,0.003515518,0.003689748,-0.001147447
27-11-23,-0.001587041,-0.000764621,0.005622027
28-11-23,0.0004385,0.002451784,0.004873853
01-12-23,0.005243896,0.002392793,0.007969261
05-12-23,-0.000327761,0.002504884,0.006664776
06-12-23,-0.004153005,-0.005877269,0.001972109
07-12-23,0.007352941,0.01413193,0.000140588
08-12-23,0.003921996,0.003709765,-0.00801237
11-12-23,0.004015193,0.008618949,0.000566813
